"document","label","term_ back","term_ big","term_ government","term_ made","term_ make","term_ one","term_ part","term_ people","term_ reuters","term_ see","term_ source","term_ story","term_ team","term_ trump","term_ week","term_ year","term_ years","term_news","term_time"
1,"1",1,0,0,1,1,1,1,1,1,0,0,1,0,1,0,0,0,0,1
2,"1",1,0,0,1,1,1,1,1,1,0,0,1,0,1,0,0,0,0,1
3,"1",0,1,1,0,0,1,0,0,0,1,1,0,1,0,1,1,1,1,0
4,"1",0,1,1,0,0,1,0,0,0,1,1,0,1,0,1,1,1,1,0
5,"0",0,1,1,0,0,1,0,0,0,1,1,0,1,0,1,1,1,1,0
6,"1",1,0,0,1,1,1,1,1,1,0,0,1,0,1,0,0,0,0,1
7,"1",1,0,0,1,1,1,1,1,1,0,0,1,0,1,0,0,0,0,1
8,"1",1,0,0,1,1,1,1,1,1,0,0,1,0,1,0,0,0,0,1
9,"0",1,0,0,1,1,1,1,1,1,0,0,1,0,1,0,0,0,0,1
10,"0",1,0,0,1,1,1,1,1,1,0,0,1,0,1,0,0,0,0,1
11,"0",0,1,1,0,0,1,0,0,0,1,1,0,1,0,1,1,1,1,0
12,"1",1,0,0,1,1,1,1,1,1,0,0,1,0,1,0,0,0,0,1
13,"0",1,0,0,1,1,1,1,1,1,0,0,1,0,1,0,0,0,0,1
14,"0",1,0,0,1,1,1,1,1,1,0,0,1,0,1,0,0,0,0,1
15,"0",1,0,0,1,1,1,1,1,1,0,0,1,0,1,0,0,0,0,1
16,"0",1,0,0,1,1,1,1,1,1,0,0,1,0,1,0,0,0,0,1
17,"1",1,0,0,1,1,1,1,1,1,0,0,1,0,1,0,0,0,0,1
18,"0",0,1,1,0,0,1,0,0,0,1,1,0,1,0,1,1,1,1,0
19,"0",1,0,0,1,1,1,1,1,1,0,0,1,0,1,0,0,0,0,1
20,"1",1,0,0,1,1,1,1,1,1,0,0,1,0,1,0,0,0,0,1
21,"0",1,0,0,1,1,1,1,1,1,0,0,1,0,1,0,0,0,0,1
22,"1",0,1,1,0,0,1,0,0,0,1,1,0,1,0,1,1,1,1,0
23,"0",0,1,1,0,0,1,0,0,0,1,1,0,1,0,1,1,1,1,0
24,"1",1,0,0,1,1,1,1,1,1,0,0,1,0,1,0,0,0,0,1
25,"1",0,1,1,0,0,1,0,0,0,1,1,0,1,0,1,1,1,1,0
26,"1",1,0,0,1,1,1,1,1,1,0,0,1,0,1,0,0,0,0,1
27,"0",1,0,0,1,1,1,1,1,1,0,0,1,0,1,0,0,0,0,1
28,"1",0,1,1,0,0,1,0,0,0,1,1,0,1,0,1,1,1,1,0
29,"1",0,1,1,0,0,1,0,0,0,1,1,0,1,0,1,1,1,1,0
30,"0",1,0,0,1,1,1,1,1,1,0,0,1,0,1,0,0,0,0,1
31,"1",0,1,1,0,0,1,0,0,0,1,1,0,1,0,1,1,1,1,0
32,"0",1,0,0,1,1,1,1,1,1,0,0,1,0,1,0,0,0,0,1
33,"0",1,0,0,1,1,1,1,1,1,0,0,1,0,1,0,0,0,0,1
34,"0",0,1,1,0,0,1,0,0,0,1,1,0,1,0,1,1,1,1,0
35,"0",1,0,0,1,1,1,1,1,1,0,0,1,0,1,0,0,0,0,1
36,"0",0,1,1,0,0,1,0,0,0,1,1,0,1,0,1,1,1,1,0
37,"0",1,0,0,1,1,1,1,1,1,0,0,1,0,1,0,0,0,0,1
38,"1",0,1,1,0,0,1,0,0,0,1,1,0,1,0,1,1,1,1,0
39,"0",0,1,1,0,0,1,0,0,0,1,1,0,1,0,1,1,1,1,0
40,"1",0,1,1,0,0,1,0,0,0,1,1,0,1,0,1,1,1,1,0
41,"0",1,0,0,1,1,1,1,1,1,0,0,1,0,1,0,0,0,0,1
42,"1",1,0,0,1,1,1,1,1,1,0,0,1,0,1,0,0,0,0,1
43,"0",0,1,1,0,0,1,0,0,0,1,1,0,1,0,1,1,1,1,0
44,"0",0,1,1,0,0,1,0,0,0,1,1,0,1,0,1,1,1,1,0
45,"1",1,0,0,1,1,1,1,1,1,0,0,1,0,1,0,0,0,0,1
46,"0",1,0,0,1,1,1,1,1,1,0,0,1,0,1,0,0,0,0,1
47,"1",0,1,1,0,0,1,0,0,0,1,1,0,1,0,1,1,1,1,0
48,"1",1,0,0,1,1,1,1,1,1,0,0,1,0,1,0,0,0,0,1
49,"0",0,1,1,0,0,1,0,0,0,1,1,0,1,0,1,1,1,1,0
50,"1",0,1,1,0,0,1,0,0,0,1,1,0,1,0,1,1,1,1,0
51,"0",1,0,0,1,1,1,1,1,1,0,0,1,0,1,0,0,0,0,1
52,"1",1,0,0,1,1,1,1,1,1,0,0,1,0,1,0,0,0,0,1
53,"0",0,1,1,0,0,1,0,0,0,1,1,0,1,0,1,1,1,1,0
54,"1",1,0,0,1,1,1,1,1,1,0,0,1,0,1,0,0,0,0,1
55,"0",0,1,1,0,0,1,0,0,0,1,1,0,1,0,1,1,1,1,0
56,"1",1,0,0,1,1,1,1,1,1,0,0,1,0,1,0,0,0,0,1
57,"1",0,1,1,0,0,1,0,0,0,1,1,0,1,0,1,1,1,1,0
58,"0",0,1,1,0,0,1,0,0,0,1,1,0,1,0,1,1,1,1,0
59,"1",1,0,0,1,1,1,1,1,1,0,0,1,0,1,0,0,0,0,1
60,"1",0,1,1,0,0,1,0,0,0,1,1,0,1,0,1,1,1,1,0
61,"0",0,1,1,0,0,1,0,0,0,1,1,0,1,0,1,1,1,1,0
62,"0",1,0,0,1,1,1,1,1,1,0,0,1,0,1,0,0,0,0,1
63,"0",1,0,0,1,1,1,1,1,1,0,0,1,0,1,0,0,0,0,1
64,"0",0,1,1,0,0,1,0,0,0,1,1,0,1,0,1,1,1,1,0
65,"1",0,1,1,0,0,1,0,0,0,1,1,0,1,0,1,1,1,1,0
66,"0",1,0,0,1,1,1,1,1,1,0,0,1,0,1,0,0,0,0,1
67,"0",0,1,1,0,0,1,0,0,0,1,1,0,1,0,1,1,1,1,0
68,"1",1,0,0,1,1,1,1,1,1,0,0,1,0,1,0,0,0,0,1
69,"1",0,1,1,0,0,1,0,0,0,1,1,0,1,0,1,1,1,1,0
70,"1",0,1,1,0,0,1,0,0,0,1,1,0,1,0,1,1,1,1,0
71,"1",1,0,0,1,1,1,1,1,1,0,0,1,0,1,0,0,0,0,1
72,"0",0,1,1,0,0,1,0,0,0,1,1,0,1,0,1,1,1,1,0
73,"0",1,0,0,1,1,1,1,1,1,0,0,1,0,1,0,0,0,0,1
74,"0",0,1,1,0,0,1,0,0,0,1,1,0,1,0,1,1,1,1,0
75,"1",1,0,0,1,1,1,1,1,1,0,0,1,0,1,0,0,0,0,1
76,"0",0,1,1,0,0,1,0,0,0,1,1,0,1,0,1,1,1,1,0
77,"1",1,0,0,1,1,1,1,1,1,0,0,1,0,1,0,0,0,0,1
78,"1",1,0,0,1,1,1,1,1,1,0,0,1,0,1,0,0,0,0,1
79,"0",0,1,1,0,0,1,0,0,0,1,1,0,1,0,1,1,1,1,0
80,"0",1,0,0,1,1,1,1,1,1,0,0,1,0,1,0,0,0,0,1
81,"0",0,1,1,0,0,1,0,0,0,1,1,0,1,0,1,1,1,1,0
82,"1",1,0,0,1,1,1,1,1,1,0,0,1,0,1,0,0,0,0,1
83,"1",0,1,1,0,0,1,0,0,0,1,1,0,1,0,1,1,1,1,0
84,"1",1,0,0,1,1,1,1,1,1,0,0,1,0,1,0,0,0,0,1
85,"1",1,0,0,1,1,1,1,1,1,0,0,1,0,1,0,0,0,0,1
86,"0",1,0,0,1,1,1,1,1,1,0,0,1,0,1,0,0,0,0,1
87,"1",1,0,0,1,1,1,1,1,1,0,0,1,0,1,0,0,0,0,1
88,"0",0,1,1,0,0,1,0,0,0,1,1,0,1,0,1,1,1,1,0
89,"1",0,1,1,0,0,1,0,0,0,1,1,0,1,0,1,1,1,1,0
90,"1",1,0,0,1,1,1,1,1,1,0,0,1,0,1,0,0,0,0,1
91,"0",1,0,0,1,1,1,1,1,1,0,0,1,0,1,0,0,0,0,1
92,"1",0,1,1,0,0,1,0,0,0,1,1,0,1,0,1,1,1,1,0
93,"1",1,0,0,1,1,1,1,1,1,0,0,1,0,1,0,0,0,0,1
94,"0",1,0,0,1,1,1,1,1,1,0,0,1,0,1,0,0,0,0,1
95,"0",1,0,0,1,1,1,1,1,1,0,0,1,0,1,0,0,0,0,1
96,"0",1,0,0,1,1,1,1,1,1,0,0,1,0,1,0,0,0,0,1
97,"1",0,1,1,0,0,1,0,0,0,1,1,0,1,0,1,1,1,1,0
98,"0",0,1,1,0,0,1,0,0,0,1,1,0,1,0,1,1,1,1,0
99,"1",0,1,1,0,0,1,0,0,0,1,1,0,1,0,1,1,1,1,0
100,"1",0,1,1,0,0,1,0,0,0,1,1,0,1,0,1,1,1,1,0
101,"0",0,1,1,0,0,1,0,0,0,1,1,0,1,0,1,1,1,1,0
102,"1",1,0,0,1,1,1,1,1,1,0,0,1,0,1,0,0,0,0,1
103,"0",1,0,0,1,1,1,1,1,1,0,0,1,0,1,0,0,0,0,1
104,"0",1,0,0,1,1,1,1,1,1,0,0,1,0,1,0,0,0,0,1
105,"1",1,0,0,1,1,1,1,1,1,0,0,1,0,1,0,0,0,0,1
106,"1",0,1,1,0,0,1,0,0,0,1,1,0,1,0,1,1,1,1,0
107,"1",1,0,0,1,1,1,1,1,1,0,0,1,0,1,0,0,0,0,1
108,"1",1,0,0,1,1,1,1,1,1,0,0,1,0,1,0,0,0,0,1
109,"0",0,1,1,0,0,1,0,0,0,1,1,0,1,0,1,1,1,1,0
110,"0",1,0,0,1,1,1,1,1,1,0,0,1,0,1,0,0,0,0,1
111,"1",1,0,0,1,1,1,1,1,1,0,0,1,0,1,0,0,0,0,1
112,"1",0,1,1,0,0,1,0,0,0,1,1,0,1,0,1,1,1,1,0
113,"0",1,0,0,1,1,1,1,1,1,0,0,1,0,1,0,0,0,0,1
114,"1",1,0,0,1,1,1,1,1,1,0,0,1,0,1,0,0,0,0,1
115,"1",1,0,0,1,1,1,1,1,1,0,0,1,0,1,0,0,0,0,1
116,"1",0,1,1,0,0,1,0,0,0,1,1,0,1,0,1,1,1,1,0
117,"0",0,1,1,0,0,1,0,0,0,1,1,0,1,0,1,1,1,1,0
118,"0",0,1,1,0,0,1,0,0,0,1,1,0,1,0,1,1,1,1,0
119,"1",0,1,1,0,0,1,0,0,0,1,1,0,1,0,1,1,1,1,0
120,"0",0,1,1,0,0,1,0,0,0,1,1,0,1,0,1,1,1,1,0
121,"0",0,1,1,0,0,1,0,0,0,1,1,0,1,0,1,1,1,1,0
122,"0",1,0,0,1,1,1,1,1,1,0,0,1,0,1,0,0,0,0,1
123,"1",1,0,0,1,1,1,1,1,1,0,0,1,0,1,0,0,0,0,1
124,"0",0,1,1,0,0,1,0,0,0,1,1,0,1,0,1,1,1,1,0
125,"0",0,1,1,0,0,1,0,0,0,1,1,0,1,0,1,1,1,1,0
126,"1",0,1,1,0,0,1,0,0,0,1,1,0,1,0,1,1,1,1,0
127,"1",0,1,1,0,0,1,0,0,0,1,1,0,1,0,1,1,1,1,0
128,"1",1,0,0,1,1,1,1,1,1,0,0,1,0,1,0,0,0,0,1
129,"0",0,1,1,0,0,1,0,0,0,1,1,0,1,0,1,1,1,1,0
130,"0",0,1,1,0,0,1,0,0,0,1,1,0,1,0,1,1,1,1,0
131,"1",0,1,1,0,0,1,0,0,0,1,1,0,1,0,1,1,1,1,0
132,"1",0,1,1,0,0,1,0,0,0,1,1,0,1,0,1,1,1,1,0
133,"0",1,0,0,1,1,1,1,1,1,0,0,1,0,1,0,0,0,0,1
134,"0",0,1,1,0,0,1,0,0,0,1,1,0,1,0,1,1,1,1,0
135,"0",0,1,1,0,0,1,0,0,0,1,1,0,1,0,1,1,1,1,0
136,"0",0,1,1,0,0,1,0,0,0,1,1,0,1,0,1,1,1,1,0
137,"1",1,0,0,1,1,1,1,1,1,0,0,1,0,1,0,0,0,0,1
138,"0",0,1,1,0,0,1,0,0,0,1,1,0,1,0,1,1,1,1,0
139,"0",0,1,1,0,0,1,0,0,0,1,1,0,1,0,1,1,1,1,0
140,"0",0,1,1,0,0,1,0,0,0,1,1,0,1,0,1,1,1,1,0
141,"1",1,0,0,1,1,1,1,1,1,0,0,1,0,1,0,0,0,0,1
142,"0",1,0,0,1,1,1,1,1,1,0,0,1,0,1,0,0,0,0,1
143,"1",0,1,1,0,0,1,0,0,0,1,1,0,1,0,1,1,1,1,0
144,"1",0,1,1,0,0,1,0,0,0,1,1,0,1,0,1,1,1,1,0
145,"1",0,1,1,0,0,1,0,0,0,1,1,0,1,0,1,1,1,1,0
146,"0",1,0,0,1,1,1,1,1,1,0,0,1,0,1,0,0,0,0,1
147,"0",0,1,1,0,0,1,0,0,0,1,1,0,1,0,1,1,1,1,0
148,"1",0,1,1,0,0,1,0,0,0,1,1,0,1,0,1,1,1,1,0
149,"1",0,1,1,0,0,1,0,0,0,1,1,0,1,0,1,1,1,1,0
150,"1",1,0,0,1,1,1,1,1,1,0,0,1,0,1,0,0,0,0,1
151,"1",1,0,0,1,1,1,1,1,1,0,0,1,0,1,0,0,0,0,1
152,"0",0,1,1,0,0,1,0,0,0,1,1,0,1,0,1,1,1,1,0
153,"0",0,1,1,0,0,1,0,0,0,1,1,0,1,0,1,1,1,1,0
154,"0",1,0,0,1,1,1,1,1,1,0,0,1,0,1,0,0,0,0,1
155,"0",1,0,0,1,1,1,1,1,1,0,0,1,0,1,0,0,0,0,1
156,"0",0,1,1,0,0,1,0,0,0,1,1,0,1,0,1,1,1,1,0
157,"1",1,0,0,1,1,1,1,1,1,0,0,1,0,1,0,0,0,0,1
158,"1",1,0,0,1,1,1,1,1,1,0,0,1,0,1,0,0,0,0,1
159,"1",1,0,0,1,1,1,1,1,1,0,0,1,0,1,0,0,0,0,1
160,"1",0,1,1,0,0,1,0,0,0,1,1,0,1,0,1,1,1,1,0
161,"1",0,1,1,0,0,1,0,0,0,1,1,0,1,0,1,1,1,1,0
162,"0",0,1,1,0,0,1,0,0,0,1,1,0,1,0,1,1,1,1,0
163,"0",0,1,1,0,0,1,0,0,0,1,1,0,1,0,1,1,1,1,0
164,"0",1,0,0,1,1,1,1,1,1,0,0,1,0,1,0,0,0,0,1
165,"0",1,0,0,1,1,1,1,1,1,0,0,1,0,1,0,0,0,0,1
166,"0",1,0,0,1,1,1,1,1,1,0,0,1,0,1,0,0,0,0,1
167,"1",0,1,1,0,0,1,0,0,0,1,1,0,1,0,1,1,1,1,0
168,"0",0,1,1,0,0,1,0,0,0,1,1,0,1,0,1,1,1,1,0
169,"1",0,1,1,0,0,1,0,0,0,1,1,0,1,0,1,1,1,1,0
170,"1",0,1,1,0,0,1,0,0,0,1,1,0,1,0,1,1,1,1,0
171,"0",0,1,1,0,0,1,0,0,0,1,1,0,1,0,1,1,1,1,0
172,"0",1,0,0,1,1,1,1,1,1,0,0,1,0,1,0,0,0,0,1
173,"1",0,1,1,0,0,1,0,0,0,1,1,0,1,0,1,1,1,1,0
174,"0",0,1,1,0,0,1,0,0,0,1,1,0,1,0,1,1,1,1,0
175,"1",1,0,0,1,1,1,1,1,1,0,0,1,0,1,0,0,0,0,1
176,"1",0,1,1,0,0,1,0,0,0,1,1,0,1,0,1,1,1,1,0
177,"0",1,0,0,1,1,1,1,1,1,0,0,1,0,1,0,0,0,0,1
178,"0",1,0,0,1,1,1,1,1,1,0,0,1,0,1,0,0,0,0,1
179,"0",1,0,0,1,1,1,1,1,1,0,0,1,0,1,0,0,0,0,1
180,"0",1,0,0,1,1,1,1,1,1,0,0,1,0,1,0,0,0,0,1
181,"0",1,0,0,1,1,1,1,1,1,0,0,1,0,1,0,0,0,0,1
182,"1",1,0,0,1,1,1,1,1,1,0,0,1,0,1,0,0,0,0,1
183,"1",1,0,0,1,1,1,1,1,1,0,0,1,0,1,0,0,0,0,1
184,"0",1,0,0,1,1,1,1,1,1,0,0,1,0,1,0,0,0,0,1
185,"0",1,0,0,1,1,1,1,1,1,0,0,1,0,1,0,0,0,0,1
186,"0",0,1,1,0,0,1,0,0,0,1,1,0,1,0,1,1,1,1,0
187,"0",0,1,1,0,0,1,0,0,0,1,1,0,1,0,1,1,1,1,0
188,"0",0,1,1,0,0,1,0,0,0,1,1,0,1,0,1,1,1,1,0
189,"0",1,0,0,1,1,1,1,1,1,0,0,1,0,1,0,0,0,0,1
190,"1",1,0,0,1,1,1,1,1,1,0,0,1,0,1,0,0,0,0,1
191,"0",1,0,0,1,1,1,1,1,1,0,0,1,0,1,0,0,0,0,1
192,"1",1,0,0,1,1,1,1,1,1,0,0,1,0,1,0,0,0,0,1
193,"0",1,0,0,1,1,1,1,1,1,0,0,1,0,1,0,0,0,0,1
194,"0",1,0,0,1,1,1,1,1,1,0,0,1,0,1,0,0,0,0,1
195,"1",0,1,1,0,0,1,0,0,0,1,1,0,1,0,1,1,1,1,0
196,"0",0,1,1,0,0,1,0,0,0,1,1,0,1,0,1,1,1,1,0
197,"0",1,0,0,1,1,1,1,1,1,0,0,1,0,1,0,0,0,0,1
198,"1",0,1,1,0,0,1,0,0,0,1,1,0,1,0,1,1,1,1,0
199,"1",1,0,0,1,1,1,1,1,1,0,0,1,0,1,0,0,0,0,1
200,"0",0,1,1,0,0,1,0,0,0,1,1,0,1,0,1,1,1,1,0
201,"1",0,1,1,0,0,1,0,0,0,1,1,0,1,0,1,1,1,1,0
202,"1",0,1,1,0,0,1,0,0,0,1,1,0,1,0,1,1,1,1,0
203,"0",1,0,0,1,1,1,1,1,1,0,0,1,0,1,0,0,0,0,1
204,"0",0,1,1,0,0,1,0,0,0,1,1,0,1,0,1,1,1,1,0
205,"0",0,1,1,0,0,1,0,0,0,1,1,0,1,0,1,1,1,1,0
206,"1",0,1,1,0,0,1,0,0,0,1,1,0,1,0,1,1,1,1,0
207,"1",0,1,1,0,0,1,0,0,0,1,1,0,1,0,1,1,1,1,0
208,"1",0,1,1,0,0,1,0,0,0,1,1,0,1,0,1,1,1,1,0
209,"1",1,0,0,1,1,1,1,1,1,0,0,1,0,1,0,0,0,0,1
210,"1",0,1,1,0,0,1,0,0,0,1,1,0,1,0,1,1,1,1,0
211,"1",0,1,1,0,0,1,0,0,0,1,1,0,1,0,1,1,1,1,0
212,"0",1,0,0,1,1,1,1,1,1,0,0,1,0,1,0,0,0,0,1
213,"1",1,0,0,1,1,1,1,1,1,0,0,1,0,1,0,0,0,0,1
214,"0",0,1,1,0,0,1,0,0,0,1,1,0,1,0,1,1,1,1,0
215,"0",0,1,1,0,0,1,0,0,0,1,1,0,1,0,1,1,1,1,0
216,"1",1,0,0,1,1,1,1,1,1,0,0,1,0,1,0,0,0,0,1
217,"0",1,0,0,1,1,1,1,1,1,0,0,1,0,1,0,0,0,0,1
218,"1",1,0,0,1,1,1,1,1,1,0,0,1,0,1,0,0,0,0,1
219,"0",1,0,0,1,1,1,1,1,1,0,0,1,0,1,0,0,0,0,1
220,"1",0,1,1,0,0,1,0,0,0,1,1,0,1,0,1,1,1,1,0
221,"1",0,1,1,0,0,1,0,0,0,1,1,0,1,0,1,1,1,1,0
222,"0",1,0,0,1,1,1,1,1,1,0,0,1,0,1,0,0,0,0,1
223,"0",0,1,1,0,0,1,0,0,0,1,1,0,1,0,1,1,1,1,0
224,"1",0,1,1,0,0,1,0,0,0,1,1,0,1,0,1,1,1,1,0
225,"1",0,1,1,0,0,1,0,0,0,1,1,0,1,0,1,1,1,1,0
226,"1",0,1,1,0,0,1,0,0,0,1,1,0,1,0,1,1,1,1,0
227,"0",0,1,1,0,0,1,0,0,0,1,1,0,1,0,1,1,1,1,0
228,"1",0,1,1,0,0,1,0,0,0,1,1,0,1,0,1,1,1,1,0
229,"0",1,0,0,1,1,1,1,1,1,0,0,1,0,1,0,0,0,0,1
230,"0",1,0,0,1,1,1,1,1,1,0,0,1,0,1,0,0,0,0,1
231,"1",0,1,1,0,0,1,0,0,0,1,1,0,1,0,1,1,1,1,0
232,"1",1,0,0,1,1,1,1,1,1,0,0,1,0,1,0,0,0,0,1
233,"0",0,1,1,0,0,1,0,0,0,1,1,0,1,0,1,1,1,1,0
234,"1",0,1,1,0,0,1,0,0,0,1,1,0,1,0,1,1,1,1,0
235,"1",1,0,0,1,1,1,1,1,1,0,0,1,0,1,0,0,0,0,1
236,"1",0,1,1,0,0,1,0,0,0,1,1,0,1,0,1,1,1,1,0
237,"1",1,0,0,1,1,1,1,1,1,0,0,1,0,1,0,0,0,0,1
238,"0",1,0,0,1,1,1,1,1,1,0,0,1,0,1,0,0,0,0,1
239,"1",1,0,0,1,1,1,1,1,1,0,0,1,0,1,0,0,0,0,1
240,"1",0,1,1,0,0,1,0,0,0,1,1,0,1,0,1,1,1,1,0
241,"1",0,1,1,0,0,1,0,0,0,1,1,0,1,0,1,1,1,1,0
242,"0",1,0,0,1,1,1,1,1,1,0,0,1,0,1,0,0,0,0,1
243,"0",1,0,0,1,1,1,1,1,1,0,0,1,0,1,0,0,0,0,1
244,"0",1,0,0,1,1,1,1,1,1,0,0,1,0,1,0,0,0,0,1
245,"0",0,1,1,0,0,1,0,0,0,1,1,0,1,0,1,1,1,1,0
246,"1",0,1,1,0,0,1,0,0,0,1,1,0,1,0,1,1,1,1,0
247,"1",1,0,0,1,1,1,1,1,1,0,0,1,0,1,0,0,0,0,1
248,"1",0,1,1,0,0,1,0,0,0,1,1,0,1,0,1,1,1,1,0
249,"0",0,1,1,0,0,1,0,0,0,1,1,0,1,0,1,1,1,1,0
250,"1",1,0,0,1,1,1,1,1,1,0,0,1,0,1,0,0,0,0,1
251,"0",1,0,0,1,1,1,1,1,1,0,0,1,0,1,0,0,0,0,1
252,"1",0,1,1,0,0,1,0,0,0,1,1,0,1,0,1,1,1,1,0
253,"1",0,1,1,0,0,1,0,0,0,1,1,0,1,0,1,1,1,1,0
254,"1",1,0,0,1,1,1,1,1,1,0,0,1,0,1,0,0,0,0,1
255,"0",0,1,1,0,0,1,0,0,0,1,1,0,1,0,1,1,1,1,0
256,"1",0,1,1,0,0,1,0,0,0,1,1,0,1,0,1,1,1,1,0
257,"1",0,1,1,0,0,1,0,0,0,1,1,0,1,0,1,1,1,1,0
258,"1",0,1,1,0,0,1,0,0,0,1,1,0,1,0,1,1,1,1,0
259,"0",1,0,0,1,1,1,1,1,1,0,0,1,0,1,0,0,0,0,1
260,"0",1,0,0,1,1,1,1,1,1,0,0,1,0,1,0,0,0,0,1
261,"1",0,1,1,0,0,1,0,0,0,1,1,0,1,0,1,1,1,1,0
262,"0",0,1,1,0,0,1,0,0,0,1,1,0,1,0,1,1,1,1,0
263,"1",1,0,0,1,1,1,1,1,1,0,0,1,0,1,0,0,0,0,1
264,"1",1,0,0,1,1,1,1,1,1,0,0,1,0,1,0,0,0,0,1
265,"0",1,0,0,1,1,1,1,1,1,0,0,1,0,1,0,0,0,0,1
266,"0",1,0,0,1,1,1,1,1,1,0,0,1,0,1,0,0,0,0,1
267,"1",1,0,0,1,1,1,1,1,1,0,0,1,0,1,0,0,0,0,1
268,"1",0,1,1,0,0,1,0,0,0,1,1,0,1,0,1,1,1,1,0
269,"0",0,1,1,0,0,1,0,0,0,1,1,0,1,0,1,1,1,1,0
270,"1",0,1,1,0,0,1,0,0,0,1,1,0,1,0,1,1,1,1,0
271,"0",1,0,0,1,1,1,1,1,1,0,0,1,0,1,0,0,0,0,1
272,"1",1,0,0,1,1,1,1,1,1,0,0,1,0,1,0,0,0,0,1
273,"0",1,0,0,1,1,1,1,1,1,0,0,1,0,1,0,0,0,0,1
274,"1",1,0,0,1,1,1,1,1,1,0,0,1,0,1,0,0,0,0,1
275,"0",0,1,1,0,0,1,0,0,0,1,1,0,1,0,1,1,1,1,0
276,"0",1,0,0,1,1,1,1,1,1,0,0,1,0,1,0,0,0,0,1
277,"1",0,1,1,0,0,1,0,0,0,1,1,0,1,0,1,1,1,1,0
278,"1",0,1,1,0,0,1,0,0,0,1,1,0,1,0,1,1,1,1,0
279,"1",1,0,0,1,1,1,1,1,1,0,0,1,0,1,0,0,0,0,1
280,"1",0,1,1,0,0,1,0,0,0,1,1,0,1,0,1,1,1,1,0
281,"1",1,0,0,1,1,1,1,1,1,0,0,1,0,1,0,0,0,0,1
282,"1",1,0,0,1,1,1,1,1,1,0,0,1,0,1,0,0,0,0,1
283,"0",1,0,0,1,1,1,1,1,1,0,0,1,0,1,0,0,0,0,1
284,"0",1,0,0,1,1,1,1,1,1,0,0,1,0,1,0,0,0,0,1
285,"1",1,0,0,1,1,1,1,1,1,0,0,1,0,1,0,0,0,0,1
286,"0",1,0,0,1,1,1,1,1,1,0,0,1,0,1,0,0,0,0,1
287,"0",0,1,1,0,0,1,0,0,0,1,1,0,1,0,1,1,1,1,0
288,"0",1,0,0,1,1,1,1,1,1,0,0,1,0,1,0,0,0,0,1
289,"0",1,0,0,1,1,1,1,1,1,0,0,1,0,1,0,0,0,0,1
290,"0",1,0,0,1,1,1,1,1,1,0,0,1,0,1,0,0,0,0,1
291,"1",1,0,0,1,1,1,1,1,1,0,0,1,0,1,0,0,0,0,1
292,"1",1,0,0,1,1,1,1,1,1,0,0,1,0,1,0,0,0,0,1
293,"0",0,1,1,0,0,1,0,0,0,1,1,0,1,0,1,1,1,1,0
294,"1",0,1,1,0,0,1,0,0,0,1,1,0,1,0,1,1,1,1,0
295,"1",1,0,0,1,1,1,1,1,1,0,0,1,0,1,0,0,0,0,1
296,"0",1,0,0,1,1,1,1,1,1,0,0,1,0,1,0,0,0,0,1
297,"1",0,1,1,0,0,1,0,0,0,1,1,0,1,0,1,1,1,1,0
298,"1",1,0,0,1,1,1,1,1,1,0,0,1,0,1,0,0,0,0,1
299,"0",0,1,1,0,0,1,0,0,0,1,1,0,1,0,1,1,1,1,0
300,"0",1,0,0,1,1,1,1,1,1,0,0,1,0,1,0,0,0,0,1
301,"0",1,0,0,1,1,1,1,1,1,0,0,1,0,1,0,0,0,0,1
302,"0",0,1,1,0,0,1,0,0,0,1,1,0,1,0,1,1,1,1,0
303,"1",0,1,1,0,0,1,0,0,0,1,1,0,1,0,1,1,1,1,0
304,"0",0,1,1,0,0,1,0,0,0,1,1,0,1,0,1,1,1,1,0
305,"0",1,0,0,1,1,1,1,1,1,0,0,1,0,1,0,0,0,0,1
306,"0",0,1,1,0,0,1,0,0,0,1,1,0,1,0,1,1,1,1,0
307,"0",1,0,0,1,1,1,1,1,1,0,0,1,0,1,0,0,0,0,1
308,"0",0,1,1,0,0,1,0,0,0,1,1,0,1,0,1,1,1,1,0
309,"0",0,1,1,0,0,1,0,0,0,1,1,0,1,0,1,1,1,1,0
310,"0",1,0,0,1,1,1,1,1,1,0,0,1,0,1,0,0,0,0,1
311,"0",0,1,1,0,0,1,0,0,0,1,1,0,1,0,1,1,1,1,0
312,"0",1,0,0,1,1,1,1,1,1,0,0,1,0,1,0,0,0,0,1
313,"0",0,1,1,0,0,1,0,0,0,1,1,0,1,0,1,1,1,1,0
314,"0",0,1,1,0,0,1,0,0,0,1,1,0,1,0,1,1,1,1,0
315,"0",0,1,1,0,0,1,0,0,0,1,1,0,1,0,1,1,1,1,0
316,"0",1,0,0,1,1,1,1,1,1,0,0,1,0,1,0,0,0,0,1
317,"1",1,0,0,1,1,1,1,1,1,0,0,1,0,1,0,0,0,0,1
318,"0",1,0,0,1,1,1,1,1,1,0,0,1,0,1,0,0,0,0,1
319,"1",0,1,1,0,0,1,0,0,0,1,1,0,1,0,1,1,1,1,0
320,"0",0,1,1,0,0,1,0,0,0,1,1,0,1,0,1,1,1,1,0
321,"1",0,1,1,0,0,1,0,0,0,1,1,0,1,0,1,1,1,1,0
322,"0",1,0,0,1,1,1,1,1,1,0,0,1,0,1,0,0,0,0,1
323,"0",1,0,0,1,1,1,1,1,1,0,0,1,0,1,0,0,0,0,1
324,"0",0,1,1,0,0,1,0,0,0,1,1,0,1,0,1,1,1,1,0
325,"0",0,1,1,0,0,1,0,0,0,1,1,0,1,0,1,1,1,1,0
326,"0",1,0,0,1,1,1,1,1,1,0,0,1,0,1,0,0,0,0,1
327,"0",1,0,0,1,1,1,1,1,1,0,0,1,0,1,0,0,0,0,1
328,"0",0,1,1,0,0,1,0,0,0,1,1,0,1,0,1,1,1,1,0
329,"1",0,1,1,0,0,1,0,0,0,1,1,0,1,0,1,1,1,1,0
330,"0",1,0,0,1,1,1,1,1,1,0,0,1,0,1,0,0,0,0,1
331,"0",0,1,1,0,0,1,0,0,0,1,1,0,1,0,1,1,1,1,0
332,"0",0,1,1,0,0,1,0,0,0,1,1,0,1,0,1,1,1,1,0
333,"0",1,0,0,1,1,1,1,1,1,0,0,1,0,1,0,0,0,0,1
334,"1",0,1,1,0,0,1,0,0,0,1,1,0,1,0,1,1,1,1,0
335,"0",1,0,0,1,1,1,1,1,1,0,0,1,0,1,0,0,0,0,1
336,"1",0,1,1,0,0,1,0,0,0,1,1,0,1,0,1,1,1,1,0
337,"0",1,0,0,1,1,1,1,1,1,0,0,1,0,1,0,0,0,0,1
338,"0",0,1,1,0,0,1,0,0,0,1,1,0,1,0,1,1,1,1,0
339,"1",0,1,1,0,0,1,0,0,0,1,1,0,1,0,1,1,1,1,0
340,"0",0,1,1,0,0,1,0,0,0,1,1,0,1,0,1,1,1,1,0
341,"1",0,1,1,0,0,1,0,0,0,1,1,0,1,0,1,1,1,1,0
342,"1",1,0,0,1,1,1,1,1,1,0,0,1,0,1,0,0,0,0,1
343,"0",0,1,1,0,0,1,0,0,0,1,1,0,1,0,1,1,1,1,0
344,"1",1,0,0,1,1,1,1,1,1,0,0,1,0,1,0,0,0,0,1
345,"0",1,0,0,1,1,1,1,1,1,0,0,1,0,1,0,0,0,0,1
346,"0",0,1,1,0,0,1,0,0,0,1,1,0,1,0,1,1,1,1,0
347,"1",1,0,0,1,1,1,1,1,1,0,0,1,0,1,0,0,0,0,1
348,"0",1,0,0,1,1,1,1,1,1,0,0,1,0,1,0,0,0,0,1
349,"0",1,0,0,1,1,1,1,1,1,0,0,1,0,1,0,0,0,0,1
350,"1",0,1,1,0,0,1,0,0,0,1,1,0,1,0,1,1,1,1,0
351,"1",1,0,0,1,1,1,1,1,1,0,0,1,0,1,0,0,0,0,1
352,"1",0,1,1,0,0,1,0,0,0,1,1,0,1,0,1,1,1,1,0
353,"1",1,0,0,1,1,1,1,1,1,0,0,1,0,1,0,0,0,0,1
354,"1",0,1,1,0,0,1,0,0,0,1,1,0,1,0,1,1,1,1,0
355,"1",1,0,0,1,1,1,1,1,1,0,0,1,0,1,0,0,0,0,1
356,"0",0,1,1,0,0,1,0,0,0,1,1,0,1,0,1,1,1,1,0
357,"1",1,0,0,1,1,1,1,1,1,0,0,1,0,1,0,0,0,0,1
358,"0",1,0,0,1,1,1,1,1,1,0,0,1,0,1,0,0,0,0,1
359,"1",1,0,0,1,1,1,1,1,1,0,0,1,0,1,0,0,0,0,1
360,"0",0,1,1,0,0,1,0,0,0,1,1,0,1,0,1,1,1,1,0
361,"0",1,0,0,1,1,1,1,1,1,0,0,1,0,1,0,0,0,0,1
362,"1",0,1,1,0,0,1,0,0,0,1,1,0,1,0,1,1,1,1,0
363,"0",1,0,0,1,1,1,1,1,1,0,0,1,0,1,0,0,0,0,1
364,"0",0,1,1,0,0,1,0,0,0,1,1,0,1,0,1,1,1,1,0
365,"1",1,0,0,1,1,1,1,1,1,0,0,1,0,1,0,0,0,0,1
366,"0",1,0,0,1,1,1,1,1,1,0,0,1,0,1,0,0,0,0,1
367,"1",1,0,0,1,1,1,1,1,1,0,0,1,0,1,0,0,0,0,1
368,"1",0,1,1,0,0,1,0,0,0,1,1,0,1,0,1,1,1,1,0
369,"1",1,0,0,1,1,1,1,1,1,0,0,1,0,1,0,0,0,0,1
370,"0",1,0,0,1,1,1,1,1,1,0,0,1,0,1,0,0,0,0,1
371,"1",0,1,1,0,0,1,0,0,0,1,1,0,1,0,1,1,1,1,0
372,"1",0,1,1,0,0,1,0,0,0,1,1,0,1,0,1,1,1,1,0
373,"0",1,0,0,1,1,1,1,1,1,0,0,1,0,1,0,0,0,0,1
374,"1",0,1,1,0,0,1,0,0,0,1,1,0,1,0,1,1,1,1,0
375,"1",0,1,1,0,0,1,0,0,0,1,1,0,1,0,1,1,1,1,0
376,"0",1,0,0,1,1,1,1,1,1,0,0,1,0,1,0,0,0,0,1
377,"0",1,0,0,1,1,1,1,1,1,0,0,1,0,1,0,0,0,0,1
378,"0",0,1,1,0,0,1,0,0,0,1,1,0,1,0,1,1,1,1,0
379,"1",0,1,1,0,0,1,0,0,0,1,1,0,1,0,1,1,1,1,0
380,"1",1,0,0,1,1,1,1,1,1,0,0,1,0,1,0,0,0,0,1
381,"0",0,1,1,0,0,1,0,0,0,1,1,0,1,0,1,1,1,1,0
382,"0",0,1,1,0,0,1,0,0,0,1,1,0,1,0,1,1,1,1,0
383,"1",0,1,1,0,0,1,0,0,0,1,1,0,1,0,1,1,1,1,0
384,"1",1,0,0,1,1,1,1,1,1,0,0,1,0,1,0,0,0,0,1
385,"0",1,0,0,1,1,1,1,1,1,0,0,1,0,1,0,0,0,0,1
386,"0",0,1,1,0,0,1,0,0,0,1,1,0,1,0,1,1,1,1,0
387,"0",1,0,0,1,1,1,1,1,1,0,0,1,0,1,0,0,0,0,1
388,"1",1,0,0,1,1,1,1,1,1,0,0,1,0,1,0,0,0,0,1
389,"1",0,1,1,0,0,1,0,0,0,1,1,0,1,0,1,1,1,1,0
390,"0",0,1,1,0,0,1,0,0,0,1,1,0,1,0,1,1,1,1,0
391,"1",0,1,1,0,0,1,0,0,0,1,1,0,1,0,1,1,1,1,0
392,"1",1,0,0,1,1,1,1,1,1,0,0,1,0,1,0,0,0,0,1
393,"1",0,1,1,0,0,1,0,0,0,1,1,0,1,0,1,1,1,1,0
394,"0",1,0,0,1,1,1,1,1,1,0,0,1,0,1,0,0,0,0,1
395,"0",1,0,0,1,1,1,1,1,1,0,0,1,0,1,0,0,0,0,1
396,"0",0,1,1,0,0,1,0,0,0,1,1,0,1,0,1,1,1,1,0
397,"0",1,0,0,1,1,1,1,1,1,0,0,1,0,1,0,0,0,0,1
398,"1",1,0,0,1,1,1,1,1,1,0,0,1,0,1,0,0,0,0,1
399,"0",0,1,1,0,0,1,0,0,0,1,1,0,1,0,1,1,1,1,0
400,"1",1,0,0,1,1,1,1,1,1,0,0,1,0,1,0,0,0,0,1
401,"0",0,1,1,0,0,1,0,0,0,1,1,0,1,0,1,1,1,1,0
402,"0",1,0,0,1,1,1,1,1,1,0,0,1,0,1,0,0,0,0,1
403,"0",1,0,0,1,1,1,1,1,1,0,0,1,0,1,0,0,0,0,1
404,"0",0,1,1,0,0,1,0,0,0,1,1,0,1,0,1,1,1,1,0
405,"0",0,1,1,0,0,1,0,0,0,1,1,0,1,0,1,1,1,1,0
406,"1",0,1,1,0,0,1,0,0,0,1,1,0,1,0,1,1,1,1,0
407,"0",0,1,1,0,0,1,0,0,0,1,1,0,1,0,1,1,1,1,0
408,"1",1,0,0,1,1,1,1,1,1,0,0,1,0,1,0,0,0,0,1
409,"0",0,1,1,0,0,1,0,0,0,1,1,0,1,0,1,1,1,1,0
410,"1",1,0,0,1,1,1,1,1,1,0,0,1,0,1,0,0,0,0,1
411,"1",0,1,1,0,0,1,0,0,0,1,1,0,1,0,1,1,1,1,0
412,"1",1,0,0,1,1,1,1,1,1,0,0,1,0,1,0,0,0,0,1
413,"0",0,1,1,0,0,1,0,0,0,1,1,0,1,0,1,1,1,1,0
414,"0",1,0,0,1,1,1,1,1,1,0,0,1,0,1,0,0,0,0,1
415,"1",0,1,1,0,0,1,0,0,0,1,1,0,1,0,1,1,1,1,0
416,"0",1,0,0,1,1,1,1,1,1,0,0,1,0,1,0,0,0,0,1
417,"0",1,0,0,1,1,1,1,1,1,0,0,1,0,1,0,0,0,0,1
418,"0",1,0,0,1,1,1,1,1,1,0,0,1,0,1,0,0,0,0,1
419,"0",1,0,0,1,1,1,1,1,1,0,0,1,0,1,0,0,0,0,1
420,"0",0,1,1,0,0,1,0,0,0,1,1,0,1,0,1,1,1,1,0
421,"0",0,1,1,0,0,1,0,0,0,1,1,0,1,0,1,1,1,1,0
422,"1",1,0,0,1,1,1,1,1,1,0,0,1,0,1,0,0,0,0,1
423,"1",0,1,1,0,0,1,0,0,0,1,1,0,1,0,1,1,1,1,0
424,"0",0,1,1,0,0,1,0,0,0,1,1,0,1,0,1,1,1,1,0
425,"0",0,1,1,0,0,1,0,0,0,1,1,0,1,0,1,1,1,1,0
426,"0",0,1,1,0,0,1,0,0,0,1,1,0,1,0,1,1,1,1,0
427,"0",1,0,0,1,1,1,1,1,1,0,0,1,0,1,0,0,0,0,1
428,"1",1,0,0,1,1,1,1,1,1,0,0,1,0,1,0,0,0,0,1
429,"1",1,0,0,1,1,1,1,1,1,0,0,1,0,1,0,0,0,0,1
430,"0",0,1,1,0,0,1,0,0,0,1,1,0,1,0,1,1,1,1,0
431,"1",1,0,0,1,1,1,1,1,1,0,0,1,0,1,0,0,0,0,1
432,"0",0,1,1,0,0,1,0,0,0,1,1,0,1,0,1,1,1,1,0
433,"1",1,0,0,1,1,1,1,1,1,0,0,1,0,1,0,0,0,0,1
434,"1",0,1,1,0,0,1,0,0,0,1,1,0,1,0,1,1,1,1,0
435,"0",1,0,0,1,1,1,1,1,1,0,0,1,0,1,0,0,0,0,1
436,"1",1,0,0,1,1,1,1,1,1,0,0,1,0,1,0,0,0,0,1
437,"0",0,1,1,0,0,1,0,0,0,1,1,0,1,0,1,1,1,1,0
438,"1",0,1,1,0,0,1,0,0,0,1,1,0,1,0,1,1,1,1,0
439,"1",0,1,1,0,0,1,0,0,0,1,1,0,1,0,1,1,1,1,0
440,"0",0,1,1,0,0,1,0,0,0,1,1,0,1,0,1,1,1,1,0
441,"1",0,1,1,0,0,1,0,0,0,1,1,0,1,0,1,1,1,1,0
442,"1",1,0,0,1,1,1,1,1,1,0,0,1,0,1,0,0,0,0,1
443,"0",0,1,1,0,0,1,0,0,0,1,1,0,1,0,1,1,1,1,0
444,"1",1,0,0,1,1,1,1,1,1,0,0,1,0,1,0,0,0,0,1
445,"1",0,1,1,0,0,1,0,0,0,1,1,0,1,0,1,1,1,1,0
446,"0",0,1,1,0,0,1,0,0,0,1,1,0,1,0,1,1,1,1,0
447,"1",0,1,1,0,0,1,0,0,0,1,1,0,1,0,1,1,1,1,0
448,"1",0,1,1,0,0,1,0,0,0,1,1,0,1,0,1,1,1,1,0
449,"1",0,1,1,0,0,1,0,0,0,1,1,0,1,0,1,1,1,1,0
450,"0",1,0,0,1,1,1,1,1,1,0,0,1,0,1,0,0,0,0,1
451,"0",1,0,0,1,1,1,1,1,1,0,0,1,0,1,0,0,0,0,1
452,"1",1,0,0,1,1,1,1,1,1,0,0,1,0,1,0,0,0,0,1
453,"1",1,0,0,1,1,1,1,1,1,0,0,1,0,1,0,0,0,0,1
454,"0",0,1,1,0,0,1,0,0,0,1,1,0,1,0,1,1,1,1,0
455,"0",1,0,0,1,1,1,1,1,1,0,0,1,0,1,0,0,0,0,1
456,"0",1,0,0,1,1,1,1,1,1,0,0,1,0,1,0,0,0,0,1
457,"0",1,0,0,1,1,1,1,1,1,0,0,1,0,1,0,0,0,0,1
458,"0",1,0,0,1,1,1,1,1,1,0,0,1,0,1,0,0,0,0,1
459,"0",0,1,1,0,0,1,0,0,0,1,1,0,1,0,1,1,1,1,0
460,"0",1,0,0,1,1,1,1,1,1,0,0,1,0,1,0,0,0,0,1
461,"1",0,1,1,0,0,1,0,0,0,1,1,0,1,0,1,1,1,1,0
462,"1",0,1,1,0,0,1,0,0,0,1,1,0,1,0,1,1,1,1,0
463,"0",1,0,0,1,1,1,1,1,1,0,0,1,0,1,0,0,0,0,1
464,"0",0,1,1,0,0,1,0,0,0,1,1,0,1,0,1,1,1,1,0
465,"0",0,1,1,0,0,1,0,0,0,1,1,0,1,0,1,1,1,1,0
466,"1",0,1,1,0,0,1,0,0,0,1,1,0,1,0,1,1,1,1,0
467,"1",0,1,1,0,0,1,0,0,0,1,1,0,1,0,1,1,1,1,0
468,"0",1,0,0,1,1,1,1,1,1,0,0,1,0,1,0,0,0,0,1
469,"1",1,0,0,1,1,1,1,1,1,0,0,1,0,1,0,0,0,0,1
470,"0",0,1,1,0,0,1,0,0,0,1,1,0,1,0,1,1,1,1,0
471,"0",1,0,0,1,1,1,1,1,1,0,0,1,0,1,0,0,0,0,1
472,"1",0,1,1,0,0,1,0,0,0,1,1,0,1,0,1,1,1,1,0
473,"1",1,0,0,1,1,1,1,1,1,0,0,1,0,1,0,0,0,0,1
474,"1",1,0,0,1,1,1,1,1,1,0,0,1,0,1,0,0,0,0,1
475,"1",0,1,1,0,0,1,0,0,0,1,1,0,1,0,1,1,1,1,0
476,"1",0,1,1,0,0,1,0,0,0,1,1,0,1,0,1,1,1,1,0
477,"1",1,0,0,1,1,1,1,1,1,0,0,1,0,1,0,0,0,0,1
478,"0",1,0,0,1,1,1,1,1,1,0,0,1,0,1,0,0,0,0,1
479,"1",1,0,0,1,1,1,1,1,1,0,0,1,0,1,0,0,0,0,1
480,"0",1,0,0,1,1,1,1,1,1,0,0,1,0,1,0,0,0,0,1
481,"0",1,0,0,1,1,1,1,1,1,0,0,1,0,1,0,0,0,0,1
482,"1",0,1,1,0,0,1,0,0,0,1,1,0,1,0,1,1,1,1,0
483,"0",0,1,1,0,0,1,0,0,0,1,1,0,1,0,1,1,1,1,0
484,"0",1,0,0,1,1,1,1,1,1,0,0,1,0,1,0,0,0,0,1
485,"0",0,1,1,0,0,1,0,0,0,1,1,0,1,0,1,1,1,1,0
486,"0",0,1,1,0,0,1,0,0,0,1,1,0,1,0,1,1,1,1,0
487,"1",1,0,0,1,1,1,1,1,1,0,0,1,0,1,0,0,0,0,1
488,"1",1,0,0,1,1,1,1,1,1,0,0,1,0,1,0,0,0,0,1
489,"0",1,0,0,1,1,1,1,1,1,0,0,1,0,1,0,0,0,0,1
490,"0",0,1,1,0,0,1,0,0,0,1,1,0,1,0,1,1,1,1,0
491,"0",1,0,0,1,1,1,1,1,1,0,0,1,0,1,0,0,0,0,1
492,"0",1,0,0,1,1,1,1,1,1,0,0,1,0,1,0,0,0,0,1
493,"1",1,0,0,1,1,1,1,1,1,0,0,1,0,1,0,0,0,0,1
494,"0",1,0,0,1,1,1,1,1,1,0,0,1,0,1,0,0,0,0,1
495,"0",1,0,0,1,1,1,1,1,1,0,0,1,0,1,0,0,0,0,1
496,"1",0,1,1,0,0,1,0,0,0,1,1,0,1,0,1,1,1,1,0
497,"1",1,0,0,1,1,1,1,1,1,0,0,1,0,1,0,0,0,0,1
498,"0",0,1,1,0,0,1,0,0,0,1,1,0,1,0,1,1,1,1,0
499,"1",1,0,0,1,1,1,1,1,1,0,0,1,0,1,0,0,0,0,1
500,"0",0,1,1,0,0,1,0,0,0,1,1,0,1,0,1,1,1,1,0
501,"1",0,1,1,0,0,1,0,0,0,1,1,0,1,0,1,1,1,1,0
502,"0",0,1,1,0,0,1,0,0,0,1,1,0,1,0,1,1,1,1,0
503,"0",1,0,0,1,1,1,1,1,1,0,0,1,0,1,0,0,0,0,1
504,"1",1,0,0,1,1,1,1,1,1,0,0,1,0,1,0,0,0,0,1
505,"0",1,0,0,1,1,1,1,1,1,0,0,1,0,1,0,0,0,0,1
506,"0",0,1,1,0,0,1,0,0,0,1,1,0,1,0,1,1,1,1,0
507,"0",1,0,0,1,1,1,1,1,1,0,0,1,0,1,0,0,0,0,1
508,"0",1,0,0,1,1,1,1,1,1,0,0,1,0,1,0,0,0,0,1
509,"1",0,1,1,0,0,1,0,0,0,1,1,0,1,0,1,1,1,1,0
510,"0",0,1,1,0,0,1,0,0,0,1,1,0,1,0,1,1,1,1,0
511,"0",1,0,0,1,1,1,1,1,1,0,0,1,0,1,0,0,0,0,1
512,"0",0,1,1,0,0,1,0,0,0,1,1,0,1,0,1,1,1,1,0
513,"1",1,0,0,1,1,1,1,1,1,0,0,1,0,1,0,0,0,0,1
514,"0",1,0,0,1,1,1,1,1,1,0,0,1,0,1,0,0,0,0,1
515,"1",0,1,1,0,0,1,0,0,0,1,1,0,1,0,1,1,1,1,0
516,"0",0,1,1,0,0,1,0,0,0,1,1,0,1,0,1,1,1,1,0
517,"1",0,1,1,0,0,1,0,0,0,1,1,0,1,0,1,1,1,1,0
518,"0",0,1,1,0,0,1,0,0,0,1,1,0,1,0,1,1,1,1,0
519,"0",0,1,1,0,0,1,0,0,0,1,1,0,1,0,1,1,1,1,0
520,"1",0,1,1,0,0,1,0,0,0,1,1,0,1,0,1,1,1,1,0
521,"0",1,0,0,1,1,1,1,1,1,0,0,1,0,1,0,0,0,0,1
522,"0",1,0,0,1,1,1,1,1,1,0,0,1,0,1,0,0,0,0,1
523,"1",0,1,1,0,0,1,0,0,0,1,1,0,1,0,1,1,1,1,0
524,"0",1,0,0,1,1,1,1,1,1,0,0,1,0,1,0,0,0,0,1
525,"1",1,0,0,1,1,1,1,1,1,0,0,1,0,1,0,0,0,0,1
526,"0",1,0,0,1,1,1,1,1,1,0,0,1,0,1,0,0,0,0,1
527,"1",0,1,1,0,0,1,0,0,0,1,1,0,1,0,1,1,1,1,0
528,"1",0,1,1,0,0,1,0,0,0,1,1,0,1,0,1,1,1,1,0
529,"1",1,0,0,1,1,1,1,1,1,0,0,1,0,1,0,0,0,0,1
530,"1",1,0,0,1,1,1,1,1,1,0,0,1,0,1,0,0,0,0,1
531,"1",0,1,1,0,0,1,0,0,0,1,1,0,1,0,1,1,1,1,0
532,"1",0,1,1,0,0,1,0,0,0,1,1,0,1,0,1,1,1,1,0
533,"0",1,0,0,1,1,1,1,1,1,0,0,1,0,1,0,0,0,0,1
534,"0",1,0,0,1,1,1,1,1,1,0,0,1,0,1,0,0,0,0,1
535,"1",0,1,1,0,0,1,0,0,0,1,1,0,1,0,1,1,1,1,0
536,"1",0,1,1,0,0,1,0,0,0,1,1,0,1,0,1,1,1,1,0
537,"1",0,1,1,0,0,1,0,0,0,1,1,0,1,0,1,1,1,1,0
538,"0",0,1,1,0,0,1,0,0,0,1,1,0,1,0,1,1,1,1,0
539,"0",0,1,1,0,0,1,0,0,0,1,1,0,1,0,1,1,1,1,0
540,"1",1,0,0,1,1,1,1,1,1,0,0,1,0,1,0,0,0,0,1
541,"0",1,0,0,1,1,1,1,1,1,0,0,1,0,1,0,0,0,0,1
542,"1",1,0,0,1,1,1,1,1,1,0,0,1,0,1,0,0,0,0,1
543,"1",0,1,1,0,0,1,0,0,0,1,1,0,1,0,1,1,1,1,0
544,"0",1,0,0,1,1,1,1,1,1,0,0,1,0,1,0,0,0,0,1
545,"0",1,0,0,1,1,1,1,1,1,0,0,1,0,1,0,0,0,0,1
546,"1",0,1,1,0,0,1,0,0,0,1,1,0,1,0,1,1,1,1,0
547,"1",1,0,0,1,1,1,1,1,1,0,0,1,0,1,0,0,0,0,1
548,"1",1,0,0,1,1,1,1,1,1,0,0,1,0,1,0,0,0,0,1
549,"0",1,0,0,1,1,1,1,1,1,0,0,1,0,1,0,0,0,0,1
550,"1",0,1,1,0,0,1,0,0,0,1,1,0,1,0,1,1,1,1,0
551,"1",1,0,0,1,1,1,1,1,1,0,0,1,0,1,0,0,0,0,1
552,"1",0,1,1,0,0,1,0,0,0,1,1,0,1,0,1,1,1,1,0
553,"0",1,0,0,1,1,1,1,1,1,0,0,1,0,1,0,0,0,0,1
554,"0",0,1,1,0,0,1,0,0,0,1,1,0,1,0,1,1,1,1,0
555,"1",0,1,1,0,0,1,0,0,0,1,1,0,1,0,1,1,1,1,0
556,"0",1,0,0,1,1,1,1,1,1,0,0,1,0,1,0,0,0,0,1
557,"0",1,0,0,1,1,1,1,1,1,0,0,1,0,1,0,0,0,0,1
558,"1",1,0,0,1,1,1,1,1,1,0,0,1,0,1,0,0,0,0,1
559,"0",1,0,0,1,1,1,1,1,1,0,0,1,0,1,0,0,0,0,1
560,"0",1,0,0,1,1,1,1,1,1,0,0,1,0,1,0,0,0,0,1
561,"0",0,1,1,0,0,1,0,0,0,1,1,0,1,0,1,1,1,1,0
562,"1",1,0,0,1,1,1,1,1,1,0,0,1,0,1,0,0,0,0,1
563,"0",1,0,0,1,1,1,1,1,1,0,0,1,0,1,0,0,0,0,1
564,"1",0,1,1,0,0,1,0,0,0,1,1,0,1,0,1,1,1,1,0
565,"1",1,0,0,1,1,1,1,1,1,0,0,1,0,1,0,0,0,0,1
566,"1",1,0,0,1,1,1,1,1,1,0,0,1,0,1,0,0,0,0,1
567,"1",1,0,0,1,1,1,1,1,1,0,0,1,0,1,0,0,0,0,1
568,"1",0,1,1,0,0,1,0,0,0,1,1,0,1,0,1,1,1,1,0
569,"1",1,0,0,1,1,1,1,1,1,0,0,1,0,1,0,0,0,0,1
570,"0",0,1,1,0,0,1,0,0,0,1,1,0,1,0,1,1,1,1,0
571,"0",1,0,0,1,1,1,1,1,1,0,0,1,0,1,0,0,0,0,1
572,"0",1,0,0,1,1,1,1,1,1,0,0,1,0,1,0,0,0,0,1
573,"0",1,0,0,1,1,1,1,1,1,0,0,1,0,1,0,0,0,0,1
574,"1",0,1,1,0,0,1,0,0,0,1,1,0,1,0,1,1,1,1,0
575,"0",0,1,1,0,0,1,0,0,0,1,1,0,1,0,1,1,1,1,0
576,"1",0,1,1,0,0,1,0,0,0,1,1,0,1,0,1,1,1,1,0
577,"1",0,1,1,0,0,1,0,0,0,1,1,0,1,0,1,1,1,1,0
578,"1",0,1,1,0,0,1,0,0,0,1,1,0,1,0,1,1,1,1,0
579,"1",0,1,1,0,0,1,0,0,0,1,1,0,1,0,1,1,1,1,0
580,"0",0,1,1,0,0,1,0,0,0,1,1,0,1,0,1,1,1,1,0
581,"0",1,0,0,1,1,1,1,1,1,0,0,1,0,1,0,0,0,0,1
582,"1",0,1,1,0,0,1,0,0,0,1,1,0,1,0,1,1,1,1,0
583,"0",0,1,1,0,0,1,0,0,0,1,1,0,1,0,1,1,1,1,0
584,"1",1,0,0,1,1,1,1,1,1,0,0,1,0,1,0,0,0,0,1
585,"1",1,0,0,1,1,1,1,1,1,0,0,1,0,1,0,0,0,0,1
586,"1",1,0,0,1,1,1,1,1,1,0,0,1,0,1,0,0,0,0,1
587,"1",1,0,0,1,1,1,1,1,1,0,0,1,0,1,0,0,0,0,1
588,"0",0,1,1,0,0,1,0,0,0,1,1,0,1,0,1,1,1,1,0
589,"1",0,1,1,0,0,1,0,0,0,1,1,0,1,0,1,1,1,1,0
590,"0",1,0,0,1,1,1,1,1,1,0,0,1,0,1,0,0,0,0,1
591,"1",1,0,0,1,1,1,1,1,1,0,0,1,0,1,0,0,0,0,1
592,"1",0,1,1,0,0,1,0,0,0,1,1,0,1,0,1,1,1,1,0
593,"1",1,0,0,1,1,1,1,1,1,0,0,1,0,1,0,0,0,0,1
594,"1",1,0,0,1,1,1,1,1,1,0,0,1,0,1,0,0,0,0,1
595,"0",1,0,0,1,1,1,1,1,1,0,0,1,0,1,0,0,0,0,1
596,"1",0,1,1,0,0,1,0,0,0,1,1,0,1,0,1,1,1,1,0
597,"0",0,1,1,0,0,1,0,0,0,1,1,0,1,0,1,1,1,1,0
598,"0",1,0,0,1,1,1,1,1,1,0,0,1,0,1,0,0,0,0,1
599,"0",1,0,0,1,1,1,1,1,1,0,0,1,0,1,0,0,0,0,1
600,"1",1,0,0,1,1,1,1,1,1,0,0,1,0,1,0,0,0,0,1
601,"0",0,1,1,0,0,1,0,0,0,1,1,0,1,0,1,1,1,1,0
602,"1",0,1,1,0,0,1,0,0,0,1,1,0,1,0,1,1,1,1,0
603,"0",1,0,0,1,1,1,1,1,1,0,0,1,0,1,0,0,0,0,1
604,"1",1,0,0,1,1,1,1,1,1,0,0,1,0,1,0,0,0,0,1
605,"0",1,0,0,1,1,1,1,1,1,0,0,1,0,1,0,0,0,0,1
606,"0",0,1,1,0,0,1,0,0,0,1,1,0,1,0,1,1,1,1,0
607,"0",0,1,1,0,0,1,0,0,0,1,1,0,1,0,1,1,1,1,0
608,"1",0,1,1,0,0,1,0,0,0,1,1,0,1,0,1,1,1,1,0
609,"1",1,0,0,1,1,1,1,1,1,0,0,1,0,1,0,0,0,0,1
610,"1",0,1,1,0,0,1,0,0,0,1,1,0,1,0,1,1,1,1,0
611,"0",1,0,0,1,1,1,1,1,1,0,0,1,0,1,0,0,0,0,1
612,"1",1,0,0,1,1,1,1,1,1,0,0,1,0,1,0,0,0,0,1
613,"1",1,0,0,1,1,1,1,1,1,0,0,1,0,1,0,0,0,0,1
614,"1",0,1,1,0,0,1,0,0,0,1,1,0,1,0,1,1,1,1,0
615,"1",0,1,1,0,0,1,0,0,0,1,1,0,1,0,1,1,1,1,0
616,"0",1,0,0,1,1,1,1,1,1,0,0,1,0,1,0,0,0,0,1
617,"1",1,0,0,1,1,1,1,1,1,0,0,1,0,1,0,0,0,0,1
618,"1",1,0,0,1,1,1,1,1,1,0,0,1,0,1,0,0,0,0,1
619,"1",0,1,1,0,0,1,0,0,0,1,1,0,1,0,1,1,1,1,0
620,"0",1,0,0,1,1,1,1,1,1,0,0,1,0,1,0,0,0,0,1
621,"0",1,0,0,1,1,1,1,1,1,0,0,1,0,1,0,0,0,0,1
622,"1",1,0,0,1,1,1,1,1,1,0,0,1,0,1,0,0,0,0,1
623,"0",1,0,0,1,1,1,1,1,1,0,0,1,0,1,0,0,0,0,1
624,"0",0,1,1,0,0,1,0,0,0,1,1,0,1,0,1,1,1,1,0
625,"1",1,0,0,1,1,1,1,1,1,0,0,1,0,1,0,0,0,0,1
626,"0",1,0,0,1,1,1,1,1,1,0,0,1,0,1,0,0,0,0,1
627,"0",1,0,0,1,1,1,1,1,1,0,0,1,0,1,0,0,0,0,1
628,"0",1,0,0,1,1,1,1,1,1,0,0,1,0,1,0,0,0,0,1
629,"0",0,1,1,0,0,1,0,0,0,1,1,0,1,0,1,1,1,1,0
630,"1",0,1,1,0,0,1,0,0,0,1,1,0,1,0,1,1,1,1,0
631,"0",0,1,1,0,0,1,0,0,0,1,1,0,1,0,1,1,1,1,0
632,"1",1,0,0,1,1,1,1,1,1,0,0,1,0,1,0,0,0,0,1
633,"0",1,0,0,1,1,1,1,1,1,0,0,1,0,1,0,0,0,0,1
634,"1",1,0,0,1,1,1,1,1,1,0,0,1,0,1,0,0,0,0,1
635,"0",1,0,0,1,1,1,1,1,1,0,0,1,0,1,0,0,0,0,1
636,"1",0,1,1,0,0,1,0,0,0,1,1,0,1,0,1,1,1,1,0
637,"0",1,0,0,1,1,1,1,1,1,0,0,1,0,1,0,0,0,0,1
638,"1",0,1,1,0,0,1,0,0,0,1,1,0,1,0,1,1,1,1,0
639,"1",0,1,1,0,0,1,0,0,0,1,1,0,1,0,1,1,1,1,0
640,"1",0,1,1,0,0,1,0,0,0,1,1,0,1,0,1,1,1,1,0
641,"0",1,0,0,1,1,1,1,1,1,0,0,1,0,1,0,0,0,0,1
642,"1",0,1,1,0,0,1,0,0,0,1,1,0,1,0,1,1,1,1,0
643,"1",1,0,0,1,1,1,1,1,1,0,0,1,0,1,0,0,0,0,1
644,"0",1,0,0,1,1,1,1,1,1,0,0,1,0,1,0,0,0,0,1
645,"0",1,0,0,1,1,1,1,1,1,0,0,1,0,1,0,0,0,0,1
646,"0",0,1,1,0,0,1,0,0,0,1,1,0,1,0,1,1,1,1,0
647,"0",1,0,0,1,1,1,1,1,1,0,0,1,0,1,0,0,0,0,1
648,"0",0,1,1,0,0,1,0,0,0,1,1,0,1,0,1,1,1,1,0
649,"0",1,0,0,1,1,1,1,1,1,0,0,1,0,1,0,0,0,0,1
650,"0",0,1,1,0,0,1,0,0,0,1,1,0,1,0,1,1,1,1,0
651,"1",1,0,0,1,1,1,1,1,1,0,0,1,0,1,0,0,0,0,1
652,"1",0,1,1,0,0,1,0,0,0,1,1,0,1,0,1,1,1,1,0
653,"1",0,1,1,0,0,1,0,0,0,1,1,0,1,0,1,1,1,1,0
654,"0",0,1,1,0,0,1,0,0,0,1,1,0,1,0,1,1,1,1,0
655,"1",1,0,0,1,1,1,1,1,1,0,0,1,0,1,0,0,0,0,1
656,"0",0,1,1,0,0,1,0,0,0,1,1,0,1,0,1,1,1,1,0
657,"0",1,0,0,1,1,1,1,1,1,0,0,1,0,1,0,0,0,0,1
658,"0",0,1,1,0,0,1,0,0,0,1,1,0,1,0,1,1,1,1,0
659,"0",0,1,1,0,0,1,0,0,0,1,1,0,1,0,1,1,1,1,0
660,"0",0,1,1,0,0,1,0,0,0,1,1,0,1,0,1,1,1,1,0
661,"0",1,0,0,1,1,1,1,1,1,0,0,1,0,1,0,0,0,0,1
662,"0",1,0,0,1,1,1,1,1,1,0,0,1,0,1,0,0,0,0,1
663,"0",0,1,1,0,0,1,0,0,0,1,1,0,1,0,1,1,1,1,0
664,"1",1,0,0,1,1,1,1,1,1,0,0,1,0,1,0,0,0,0,1
665,"1",0,1,1,0,0,1,0,0,0,1,1,0,1,0,1,1,1,1,0
666,"1",0,1,1,0,0,1,0,0,0,1,1,0,1,0,1,1,1,1,0
667,"1",0,1,1,0,0,1,0,0,0,1,1,0,1,0,1,1,1,1,0
668,"1",0,1,1,0,0,1,0,0,0,1,1,0,1,0,1,1,1,1,0
669,"0",0,1,1,0,0,1,0,0,0,1,1,0,1,0,1,1,1,1,0
670,"1",1,0,0,1,1,1,1,1,1,0,0,1,0,1,0,0,0,0,1
671,"0",0,1,1,0,0,1,0,0,0,1,1,0,1,0,1,1,1,1,0
672,"0",0,1,1,0,0,1,0,0,0,1,1,0,1,0,1,1,1,1,0
673,"0",0,1,1,0,0,1,0,0,0,1,1,0,1,0,1,1,1,1,0
674,"0",1,0,0,1,1,1,1,1,1,0,0,1,0,1,0,0,0,0,1
675,"0",0,1,1,0,0,1,0,0,0,1,1,0,1,0,1,1,1,1,0
676,"1",1,0,0,1,1,1,1,1,1,0,0,1,0,1,0,0,0,0,1
677,"1",0,1,1,0,0,1,0,0,0,1,1,0,1,0,1,1,1,1,0
678,"1",0,1,1,0,0,1,0,0,0,1,1,0,1,0,1,1,1,1,0
679,"0",0,1,1,0,0,1,0,0,0,1,1,0,1,0,1,1,1,1,0
680,"0",1,0,0,1,1,1,1,1,1,0,0,1,0,1,0,0,0,0,1
681,"0",0,1,1,0,0,1,0,0,0,1,1,0,1,0,1,1,1,1,0
682,"1",0,1,1,0,0,1,0,0,0,1,1,0,1,0,1,1,1,1,0
683,"0",0,1,1,0,0,1,0,0,0,1,1,0,1,0,1,1,1,1,0
684,"0",1,0,0,1,1,1,1,1,1,0,0,1,0,1,0,0,0,0,1
685,"0",1,0,0,1,1,1,1,1,1,0,0,1,0,1,0,0,0,0,1
686,"1",0,1,1,0,0,1,0,0,0,1,1,0,1,0,1,1,1,1,0
687,"0",0,1,1,0,0,1,0,0,0,1,1,0,1,0,1,1,1,1,0
688,"1",0,1,1,0,0,1,0,0,0,1,1,0,1,0,1,1,1,1,0
689,"1",1,0,0,1,1,1,1,1,1,0,0,1,0,1,0,0,0,0,1
690,"0",0,1,1,0,0,1,0,0,0,1,1,0,1,0,1,1,1,1,0
691,"0",0,1,1,0,0,1,0,0,0,1,1,0,1,0,1,1,1,1,0
692,"1",0,1,1,0,0,1,0,0,0,1,1,0,1,0,1,1,1,1,0
693,"1",1,0,0,1,1,1,1,1,1,0,0,1,0,1,0,0,0,0,1
694,"1",1,0,0,1,1,1,1,1,1,0,0,1,0,1,0,0,0,0,1
695,"0",1,0,0,1,1,1,1,1,1,0,0,1,0,1,0,0,0,0,1
696,"1",1,0,0,1,1,1,1,1,1,0,0,1,0,1,0,0,0,0,1
697,"0",1,0,0,1,1,1,1,1,1,0,0,1,0,1,0,0,0,0,1
698,"1",1,0,0,1,1,1,1,1,1,0,0,1,0,1,0,0,0,0,1
699,"0",1,0,0,1,1,1,1,1,1,0,0,1,0,1,0,0,0,0,1
700,"0",0,1,1,0,0,1,0,0,0,1,1,0,1,0,1,1,1,1,0
701,"1",1,0,0,1,1,1,1,1,1,0,0,1,0,1,0,0,0,0,1
702,"1",0,1,1,0,0,1,0,0,0,1,1,0,1,0,1,1,1,1,0
703,"0",0,1,1,0,0,1,0,0,0,1,1,0,1,0,1,1,1,1,0
704,"1",1,0,0,1,1,1,1,1,1,0,0,1,0,1,0,0,0,0,1
705,"0",0,1,1,0,0,1,0,0,0,1,1,0,1,0,1,1,1,1,0
706,"1",0,1,1,0,0,1,0,0,0,1,1,0,1,0,1,1,1,1,0
707,"1",0,1,1,0,0,1,0,0,0,1,1,0,1,0,1,1,1,1,0
708,"0",1,0,0,1,1,1,1,1,1,0,0,1,0,1,0,0,0,0,1
709,"0",1,0,0,1,1,1,1,1,1,0,0,1,0,1,0,0,0,0,1
710,"0",1,0,0,1,1,1,1,1,1,0,0,1,0,1,0,0,0,0,1
711,"1",1,0,0,1,1,1,1,1,1,0,0,1,0,1,0,0,0,0,1
712,"0",1,0,0,1,1,1,1,1,1,0,0,1,0,1,0,0,0,0,1
713,"0",0,1,1,0,0,1,0,0,0,1,1,0,1,0,1,1,1,1,0
714,"0",0,1,1,0,0,1,0,0,0,1,1,0,1,0,1,1,1,1,0
715,"0",1,0,0,1,1,1,1,1,1,0,0,1,0,1,0,0,0,0,1
716,"1",1,0,0,1,1,1,1,1,1,0,0,1,0,1,0,0,0,0,1
717,"1",1,0,0,1,1,1,1,1,1,0,0,1,0,1,0,0,0,0,1
718,"0",1,0,0,1,1,1,1,1,1,0,0,1,0,1,0,0,0,0,1
719,"0",0,1,1,0,0,1,0,0,0,1,1,0,1,0,1,1,1,1,0
720,"1",1,0,0,1,1,1,1,1,1,0,0,1,0,1,0,0,0,0,1
721,"1",1,0,0,1,1,1,1,1,1,0,0,1,0,1,0,0,0,0,1
722,"1",1,0,0,1,1,1,1,1,1,0,0,1,0,1,0,0,0,0,1
723,"1",0,1,1,0,0,1,0,0,0,1,1,0,1,0,1,1,1,1,0
724,"0",0,1,1,0,0,1,0,0,0,1,1,0,1,0,1,1,1,1,0
725,"1",0,1,1,0,0,1,0,0,0,1,1,0,1,0,1,1,1,1,0
726,"1",0,1,1,0,0,1,0,0,0,1,1,0,1,0,1,1,1,1,0
727,"1",1,0,0,1,1,1,1,1,1,0,0,1,0,1,0,0,0,0,1
728,"0",0,1,1,0,0,1,0,0,0,1,1,0,1,0,1,1,1,1,0
729,"1",1,0,0,1,1,1,1,1,1,0,0,1,0,1,0,0,0,0,1
730,"0",0,1,1,0,0,1,0,0,0,1,1,0,1,0,1,1,1,1,0
731,"0",1,0,0,1,1,1,1,1,1,0,0,1,0,1,0,0,0,0,1
732,"1",1,0,0,1,1,1,1,1,1,0,0,1,0,1,0,0,0,0,1
733,"1",0,1,1,0,0,1,0,0,0,1,1,0,1,0,1,1,1,1,0
734,"1",1,0,0,1,1,1,1,1,1,0,0,1,0,1,0,0,0,0,1
735,"0",1,0,0,1,1,1,1,1,1,0,0,1,0,1,0,0,0,0,1
736,"0",1,0,0,1,1,1,1,1,1,0,0,1,0,1,0,0,0,0,1
737,"1",0,1,1,0,0,1,0,0,0,1,1,0,1,0,1,1,1,1,0
738,"1",1,0,0,1,1,1,1,1,1,0,0,1,0,1,0,0,0,0,1
739,"1",1,0,0,1,1,1,1,1,1,0,0,1,0,1,0,0,0,0,1
740,"0",0,1,1,0,0,1,0,0,0,1,1,0,1,0,1,1,1,1,0
741,"1",0,1,1,0,0,1,0,0,0,1,1,0,1,0,1,1,1,1,0
742,"1",1,0,0,1,1,1,1,1,1,0,0,1,0,1,0,0,0,0,1
743,"1",0,1,1,0,0,1,0,0,0,1,1,0,1,0,1,1,1,1,0
744,"1",1,0,0,1,1,1,1,1,1,0,0,1,0,1,0,0,0,0,1
745,"1",0,1,1,0,0,1,0,0,0,1,1,0,1,0,1,1,1,1,0
746,"0",1,0,0,1,1,1,1,1,1,0,0,1,0,1,0,0,0,0,1
747,"1",0,1,1,0,0,1,0,0,0,1,1,0,1,0,1,1,1,1,0
748,"0",1,0,0,1,1,1,1,1,1,0,0,1,0,1,0,0,0,0,1
749,"0",1,0,0,1,1,1,1,1,1,0,0,1,0,1,0,0,0,0,1
750,"0",1,0,0,1,1,1,1,1,1,0,0,1,0,1,0,0,0,0,1
751,"1",0,1,1,0,0,1,0,0,0,1,1,0,1,0,1,1,1,1,0
752,"1",1,0,0,1,1,1,1,1,1,0,0,1,0,1,0,0,0,0,1
753,"0",1,0,0,1,1,1,1,1,1,0,0,1,0,1,0,0,0,0,1
754,"1",0,1,1,0,0,1,0,0,0,1,1,0,1,0,1,1,1,1,0
755,"1",0,1,1,0,0,1,0,0,0,1,1,0,1,0,1,1,1,1,0
756,"1",0,1,1,0,0,1,0,0,0,1,1,0,1,0,1,1,1,1,0
757,"0",0,1,1,0,0,1,0,0,0,1,1,0,1,0,1,1,1,1,0
758,"0",0,1,1,0,0,1,0,0,0,1,1,0,1,0,1,1,1,1,0
759,"0",1,0,0,1,1,1,1,1,1,0,0,1,0,1,0,0,0,0,1
760,"0",0,1,1,0,0,1,0,0,0,1,1,0,1,0,1,1,1,1,0
761,"0",0,1,1,0,0,1,0,0,0,1,1,0,1,0,1,1,1,1,0
762,"1",1,0,0,1,1,1,1,1,1,0,0,1,0,1,0,0,0,0,1
763,"0",1,0,0,1,1,1,1,1,1,0,0,1,0,1,0,0,0,0,1
764,"0",1,0,0,1,1,1,1,1,1,0,0,1,0,1,0,0,0,0,1
765,"0",0,1,1,0,0,1,0,0,0,1,1,0,1,0,1,1,1,1,0
766,"1",0,1,1,0,0,1,0,0,0,1,1,0,1,0,1,1,1,1,0
767,"1",1,0,0,1,1,1,1,1,1,0,0,1,0,1,0,0,0,0,1
768,"1",1,0,0,1,1,1,1,1,1,0,0,1,0,1,0,0,0,0,1
769,"1",1,0,0,1,1,1,1,1,1,0,0,1,0,1,0,0,0,0,1
770,"1",1,0,0,1,1,1,1,1,1,0,0,1,0,1,0,0,0,0,1
771,"0",0,1,1,0,0,1,0,0,0,1,1,0,1,0,1,1,1,1,0
772,"0",0,1,1,0,0,1,0,0,0,1,1,0,1,0,1,1,1,1,0
773,"0",0,1,1,0,0,1,0,0,0,1,1,0,1,0,1,1,1,1,0
774,"1",0,1,1,0,0,1,0,0,0,1,1,0,1,0,1,1,1,1,0
775,"0",0,1,1,0,0,1,0,0,0,1,1,0,1,0,1,1,1,1,0
776,"1",0,1,1,0,0,1,0,0,0,1,1,0,1,0,1,1,1,1,0
777,"0",1,0,0,1,1,1,1,1,1,0,0,1,0,1,0,0,0,0,1
778,"1",0,1,1,0,0,1,0,0,0,1,1,0,1,0,1,1,1,1,0
779,"0",1,0,0,1,1,1,1,1,1,0,0,1,0,1,0,0,0,0,1
780,"0",1,0,0,1,1,1,1,1,1,0,0,1,0,1,0,0,0,0,1
781,"0",0,1,1,0,0,1,0,0,0,1,1,0,1,0,1,1,1,1,0
782,"0",0,1,1,0,0,1,0,0,0,1,1,0,1,0,1,1,1,1,0
783,"0",0,1,1,0,0,1,0,0,0,1,1,0,1,0,1,1,1,1,0
784,"0",1,0,0,1,1,1,1,1,1,0,0,1,0,1,0,0,0,0,1
785,"1",0,1,1,0,0,1,0,0,0,1,1,0,1,0,1,1,1,1,0
786,"0",0,1,1,0,0,1,0,0,0,1,1,0,1,0,1,1,1,1,0
787,"1",1,0,0,1,1,1,1,1,1,0,0,1,0,1,0,0,0,0,1
788,"1",0,1,1,0,0,1,0,0,0,1,1,0,1,0,1,1,1,1,0
789,"1",1,0,0,1,1,1,1,1,1,0,0,1,0,1,0,0,0,0,1
790,"0",1,0,0,1,1,1,1,1,1,0,0,1,0,1,0,0,0,0,1
791,"0",0,1,1,0,0,1,0,0,0,1,1,0,1,0,1,1,1,1,0
792,"1",0,1,1,0,0,1,0,0,0,1,1,0,1,0,1,1,1,1,0
793,"1",1,0,0,1,1,1,1,1,1,0,0,1,0,1,0,0,0,0,1
794,"1",0,1,1,0,0,1,0,0,0,1,1,0,1,0,1,1,1,1,0
795,"0",1,0,0,1,1,1,1,1,1,0,0,1,0,1,0,0,0,0,1
796,"1",0,1,1,0,0,1,0,0,0,1,1,0,1,0,1,1,1,1,0
797,"0",1,0,0,1,1,1,1,1,1,0,0,1,0,1,0,0,0,0,1
798,"1",1,0,0,1,1,1,1,1,1,0,0,1,0,1,0,0,0,0,1
799,"1",0,1,1,0,0,1,0,0,0,1,1,0,1,0,1,1,1,1,0
800,"1",1,0,0,1,1,1,1,1,1,0,0,1,0,1,0,0,0,0,1
801,"0",1,0,0,1,1,1,1,1,1,0,0,1,0,1,0,0,0,0,1
802,"0",0,1,1,0,0,1,0,0,0,1,1,0,1,0,1,1,1,1,0
803,"1",0,1,1,0,0,1,0,0,0,1,1,0,1,0,1,1,1,1,0
804,"1",1,0,0,1,1,1,1,1,1,0,0,1,0,1,0,0,0,0,1
805,"0",1,0,0,1,1,1,1,1,1,0,0,1,0,1,0,0,0,0,1
806,"0",1,0,0,1,1,1,1,1,1,0,0,1,0,1,0,0,0,0,1
807,"0",1,0,0,1,1,1,1,1,1,0,0,1,0,1,0,0,0,0,1
808,"1",0,1,1,0,0,1,0,0,0,1,1,0,1,0,1,1,1,1,0
809,"1",1,0,0,1,1,1,1,1,1,0,0,1,0,1,0,0,0,0,1
810,"0",1,0,0,1,1,1,1,1,1,0,0,1,0,1,0,0,0,0,1
811,"1",0,1,1,0,0,1,0,0,0,1,1,0,1,0,1,1,1,1,0
812,"1",1,0,0,1,1,1,1,1,1,0,0,1,0,1,0,0,0,0,1
813,"1",0,1,1,0,0,1,0,0,0,1,1,0,1,0,1,1,1,1,0
814,"0",0,1,1,0,0,1,0,0,0,1,1,0,1,0,1,1,1,1,0
815,"1",0,1,1,0,0,1,0,0,0,1,1,0,1,0,1,1,1,1,0
816,"1",0,1,1,0,0,1,0,0,0,1,1,0,1,0,1,1,1,1,0
817,"0",1,0,0,1,1,1,1,1,1,0,0,1,0,1,0,0,0,0,1
818,"0",1,0,0,1,1,1,1,1,1,0,0,1,0,1,0,0,0,0,1
819,"0",0,1,1,0,0,1,0,0,0,1,1,0,1,0,1,1,1,1,0
820,"1",0,1,1,0,0,1,0,0,0,1,1,0,1,0,1,1,1,1,0
821,"1",1,0,0,1,1,1,1,1,1,0,0,1,0,1,0,0,0,0,1
822,"0",1,0,0,1,1,1,1,1,1,0,0,1,0,1,0,0,0,0,1
823,"1",1,0,0,1,1,1,1,1,1,0,0,1,0,1,0,0,0,0,1
824,"1",0,1,1,0,0,1,0,0,0,1,1,0,1,0,1,1,1,1,0
825,"1",0,1,1,0,0,1,0,0,0,1,1,0,1,0,1,1,1,1,0
826,"0",1,0,0,1,1,1,1,1,1,0,0,1,0,1,0,0,0,0,1
827,"1",1,0,0,1,1,1,1,1,1,0,0,1,0,1,0,0,0,0,1
828,"0",0,1,1,0,0,1,0,0,0,1,1,0,1,0,1,1,1,1,0
829,"1",1,0,0,1,1,1,1,1,1,0,0,1,0,1,0,0,0,0,1
830,"1",0,1,1,0,0,1,0,0,0,1,1,0,1,0,1,1,1,1,0
831,"1",1,0,0,1,1,1,1,1,1,0,0,1,0,1,0,0,0,0,1
832,"1",1,0,0,1,1,1,1,1,1,0,0,1,0,1,0,0,0,0,1
833,"0",0,1,1,0,0,1,0,0,0,1,1,0,1,0,1,1,1,1,0
834,"0",1,0,0,1,1,1,1,1,1,0,0,1,0,1,0,0,0,0,1
835,"1",1,0,0,1,1,1,1,1,1,0,0,1,0,1,0,0,0,0,1
836,"1",1,0,0,1,1,1,1,1,1,0,0,1,0,1,0,0,0,0,1
837,"0",0,1,1,0,0,1,0,0,0,1,1,0,1,0,1,1,1,1,0
838,"0",0,1,1,0,0,1,0,0,0,1,1,0,1,0,1,1,1,1,0
839,"0",1,0,0,1,1,1,1,1,1,0,0,1,0,1,0,0,0,0,1
840,"1",0,1,1,0,0,1,0,0,0,1,1,0,1,0,1,1,1,1,0
841,"1",0,1,1,0,0,1,0,0,0,1,1,0,1,0,1,1,1,1,0
842,"1",1,0,0,1,1,1,1,1,1,0,0,1,0,1,0,0,0,0,1
843,"0",0,1,1,0,0,1,0,0,0,1,1,0,1,0,1,1,1,1,0
844,"0",0,1,1,0,0,1,0,0,0,1,1,0,1,0,1,1,1,1,0
845,"1",0,1,1,0,0,1,0,0,0,1,1,0,1,0,1,1,1,1,0
846,"1",0,1,1,0,0,1,0,0,0,1,1,0,1,0,1,1,1,1,0
847,"0",1,0,0,1,1,1,1,1,1,0,0,1,0,1,0,0,0,0,1
848,"1",0,1,1,0,0,1,0,0,0,1,1,0,1,0,1,1,1,1,0
849,"0",1,0,0,1,1,1,1,1,1,0,0,1,0,1,0,0,0,0,1
850,"0",1,0,0,1,1,1,1,1,1,0,0,1,0,1,0,0,0,0,1
851,"1",0,1,1,0,0,1,0,0,0,1,1,0,1,0,1,1,1,1,0
852,"1",0,1,1,0,0,1,0,0,0,1,1,0,1,0,1,1,1,1,0
853,"0",1,0,0,1,1,1,1,1,1,0,0,1,0,1,0,0,0,0,1
854,"0",1,0,0,1,1,1,1,1,1,0,0,1,0,1,0,0,0,0,1
855,"1",0,1,1,0,0,1,0,0,0,1,1,0,1,0,1,1,1,1,0
856,"1",1,0,0,1,1,1,1,1,1,0,0,1,0,1,0,0,0,0,1
857,"1",1,0,0,1,1,1,1,1,1,0,0,1,0,1,0,0,0,0,1
858,"1",0,1,1,0,0,1,0,0,0,1,1,0,1,0,1,1,1,1,0
859,"0",1,0,0,1,1,1,1,1,1,0,0,1,0,1,0,0,0,0,1
860,"1",1,0,0,1,1,1,1,1,1,0,0,1,0,1,0,0,0,0,1
861,"0",1,0,0,1,1,1,1,1,1,0,0,1,0,1,0,0,0,0,1
862,"0",0,1,1,0,0,1,0,0,0,1,1,0,1,0,1,1,1,1,0
863,"0",1,0,0,1,1,1,1,1,1,0,0,1,0,1,0,0,0,0,1
864,"1",0,1,1,0,0,1,0,0,0,1,1,0,1,0,1,1,1,1,0
865,"0",1,0,0,1,1,1,1,1,1,0,0,1,0,1,0,0,0,0,1
866,"0",0,1,1,0,0,1,0,0,0,1,1,0,1,0,1,1,1,1,0
867,"0",0,1,1,0,0,1,0,0,0,1,1,0,1,0,1,1,1,1,0
868,"0",0,1,1,0,0,1,0,0,0,1,1,0,1,0,1,1,1,1,0
869,"0",0,1,1,0,0,1,0,0,0,1,1,0,1,0,1,1,1,1,0
870,"0",0,1,1,0,0,1,0,0,0,1,1,0,1,0,1,1,1,1,0
871,"0",1,0,0,1,1,1,1,1,1,0,0,1,0,1,0,0,0,0,1
872,"0",1,0,0,1,1,1,1,1,1,0,0,1,0,1,0,0,0,0,1
873,"0",0,1,1,0,0,1,0,0,0,1,1,0,1,0,1,1,1,1,0
874,"1",1,0,0,1,1,1,1,1,1,0,0,1,0,1,0,0,0,0,1
875,"0",1,0,0,1,1,1,1,1,1,0,0,1,0,1,0,0,0,0,1
876,"1",1,0,0,1,1,1,1,1,1,0,0,1,0,1,0,0,0,0,1
877,"1",0,1,1,0,0,1,0,0,0,1,1,0,1,0,1,1,1,1,0
878,"0",1,0,0,1,1,1,1,1,1,0,0,1,0,1,0,0,0,0,1
879,"1",1,0,0,1,1,1,1,1,1,0,0,1,0,1,0,0,0,0,1
880,"0",0,1,1,0,0,1,0,0,0,1,1,0,1,0,1,1,1,1,0
881,"0",0,1,1,0,0,1,0,0,0,1,1,0,1,0,1,1,1,1,0
882,"0",1,0,0,1,1,1,1,1,1,0,0,1,0,1,0,0,0,0,1
883,"0",0,1,1,0,0,1,0,0,0,1,1,0,1,0,1,1,1,1,0
884,"0",1,0,0,1,1,1,1,1,1,0,0,1,0,1,0,0,0,0,1
885,"0",0,1,1,0,0,1,0,0,0,1,1,0,1,0,1,1,1,1,0
886,"0",1,0,0,1,1,1,1,1,1,0,0,1,0,1,0,0,0,0,1
887,"1",1,0,0,1,1,1,1,1,1,0,0,1,0,1,0,0,0,0,1
888,"1",1,0,0,1,1,1,1,1,1,0,0,1,0,1,0,0,0,0,1
889,"1",1,0,0,1,1,1,1,1,1,0,0,1,0,1,0,0,0,0,1
890,"1",1,0,0,1,1,1,1,1,1,0,0,1,0,1,0,0,0,0,1
891,"0",0,1,1,0,0,1,0,0,0,1,1,0,1,0,1,1,1,1,0
892,"0",0,1,1,0,0,1,0,0,0,1,1,0,1,0,1,1,1,1,0
893,"0",1,0,0,1,1,1,1,1,1,0,0,1,0,1,0,0,0,0,1
894,"1",0,1,1,0,0,1,0,0,0,1,1,0,1,0,1,1,1,1,0
895,"1",0,1,1,0,0,1,0,0,0,1,1,0,1,0,1,1,1,1,0
896,"1",1,0,0,1,1,1,1,1,1,0,0,1,0,1,0,0,0,0,1
897,"0",0,1,1,0,0,1,0,0,0,1,1,0,1,0,1,1,1,1,0
898,"0",1,0,0,1,1,1,1,1,1,0,0,1,0,1,0,0,0,0,1
899,"1",1,0,0,1,1,1,1,1,1,0,0,1,0,1,0,0,0,0,1
900,"1",0,1,1,0,0,1,0,0,0,1,1,0,1,0,1,1,1,1,0
901,"1",1,0,0,1,1,1,1,1,1,0,0,1,0,1,0,0,0,0,1
902,"1",1,0,0,1,1,1,1,1,1,0,0,1,0,1,0,0,0,0,1
903,"0",1,0,0,1,1,1,1,1,1,0,0,1,0,1,0,0,0,0,1
904,"1",0,1,1,0,0,1,0,0,0,1,1,0,1,0,1,1,1,1,0
905,"1",0,1,1,0,0,1,0,0,0,1,1,0,1,0,1,1,1,1,0
906,"0",1,0,0,1,1,1,1,1,1,0,0,1,0,1,0,0,0,0,1
907,"0",0,1,1,0,0,1,0,0,0,1,1,0,1,0,1,1,1,1,0
908,"1",1,0,0,1,1,1,1,1,1,0,0,1,0,1,0,0,0,0,1
909,"0",1,0,0,1,1,1,1,1,1,0,0,1,0,1,0,0,0,0,1
910,"0",1,0,0,1,1,1,1,1,1,0,0,1,0,1,0,0,0,0,1
911,"0",0,1,1,0,0,1,0,0,0,1,1,0,1,0,1,1,1,1,0
912,"1",0,1,1,0,0,1,0,0,0,1,1,0,1,0,1,1,1,1,0
913,"0",1,0,0,1,1,1,1,1,1,0,0,1,0,1,0,0,0,0,1
914,"0",0,1,1,0,0,1,0,0,0,1,1,0,1,0,1,1,1,1,0
915,"1",1,0,0,1,1,1,1,1,1,0,0,1,0,1,0,0,0,0,1
916,"1",0,1,1,0,0,1,0,0,0,1,1,0,1,0,1,1,1,1,0
917,"0",0,1,1,0,0,1,0,0,0,1,1,0,1,0,1,1,1,1,0
918,"0",1,0,0,1,1,1,1,1,1,0,0,1,0,1,0,0,0,0,1
919,"0",1,0,0,1,1,1,1,1,1,0,0,1,0,1,0,0,0,0,1
920,"0",1,0,0,1,1,1,1,1,1,0,0,1,0,1,0,0,0,0,1
921,"1",1,0,0,1,1,1,1,1,1,0,0,1,0,1,0,0,0,0,1
922,"1",0,1,1,0,0,1,0,0,0,1,1,0,1,0,1,1,1,1,0
923,"0",0,1,1,0,0,1,0,0,0,1,1,0,1,0,1,1,1,1,0
924,"0",1,0,0,1,1,1,1,1,1,0,0,1,0,1,0,0,0,0,1
925,"0",0,1,1,0,0,1,0,0,0,1,1,0,1,0,1,1,1,1,0
926,"0",0,1,1,0,0,1,0,0,0,1,1,0,1,0,1,1,1,1,0
927,"0",1,0,0,1,1,1,1,1,1,0,0,1,0,1,0,0,0,0,1
928,"0",0,1,1,0,0,1,0,0,0,1,1,0,1,0,1,1,1,1,0
929,"0",0,1,1,0,0,1,0,0,0,1,1,0,1,0,1,1,1,1,0
930,"0",1,0,0,1,1,1,1,1,1,0,0,1,0,1,0,0,0,0,1
931,"1",0,1,1,0,0,1,0,0,0,1,1,0,1,0,1,1,1,1,0
932,"1",1,0,0,1,1,1,1,1,1,0,0,1,0,1,0,0,0,0,1
933,"0",1,0,0,1,1,1,1,1,1,0,0,1,0,1,0,0,0,0,1
934,"0",0,1,1,0,0,1,0,0,0,1,1,0,1,0,1,1,1,1,0
935,"1",1,0,0,1,1,1,1,1,1,0,0,1,0,1,0,0,0,0,1
936,"1",0,1,1,0,0,1,0,0,0,1,1,0,1,0,1,1,1,1,0
937,"0",1,0,0,1,1,1,1,1,1,0,0,1,0,1,0,0,0,0,1
938,"1",1,0,0,1,1,1,1,1,1,0,0,1,0,1,0,0,0,0,1
939,"1",0,1,1,0,0,1,0,0,0,1,1,0,1,0,1,1,1,1,0
940,"0",0,1,1,0,0,1,0,0,0,1,1,0,1,0,1,1,1,1,0
941,"1",1,0,0,1,1,1,1,1,1,0,0,1,0,1,0,0,0,0,1
942,"1",0,1,1,0,0,1,0,0,0,1,1,0,1,0,1,1,1,1,0
943,"0",0,1,1,0,0,1,0,0,0,1,1,0,1,0,1,1,1,1,0
944,"0",1,0,0,1,1,1,1,1,1,0,0,1,0,1,0,0,0,0,1
945,"0",1,0,0,1,1,1,1,1,1,0,0,1,0,1,0,0,0,0,1
946,"1",0,1,1,0,0,1,0,0,0,1,1,0,1,0,1,1,1,1,0
947,"1",1,0,0,1,1,1,1,1,1,0,0,1,0,1,0,0,0,0,1
948,"1",0,1,1,0,0,1,0,0,0,1,1,0,1,0,1,1,1,1,0
949,"1",0,1,1,0,0,1,0,0,0,1,1,0,1,0,1,1,1,1,0
950,"0",0,1,1,0,0,1,0,0,0,1,1,0,1,0,1,1,1,1,0
951,"0",0,1,1,0,0,1,0,0,0,1,1,0,1,0,1,1,1,1,0
952,"0",1,0,0,1,1,1,1,1,1,0,0,1,0,1,0,0,0,0,1
953,"1",0,1,1,0,0,1,0,0,0,1,1,0,1,0,1,1,1,1,0
954,"0",0,1,1,0,0,1,0,0,0,1,1,0,1,0,1,1,1,1,0
955,"0",1,0,0,1,1,1,1,1,1,0,0,1,0,1,0,0,0,0,1
956,"1",0,1,1,0,0,1,0,0,0,1,1,0,1,0,1,1,1,1,0
957,"0",0,1,1,0,0,1,0,0,0,1,1,0,1,0,1,1,1,1,0
958,"1",0,1,1,0,0,1,0,0,0,1,1,0,1,0,1,1,1,1,0
959,"0",1,0,0,1,1,1,1,1,1,0,0,1,0,1,0,0,0,0,1
960,"1",1,0,0,1,1,1,1,1,1,0,0,1,0,1,0,0,0,0,1
961,"0",0,1,1,0,0,1,0,0,0,1,1,0,1,0,1,1,1,1,0
962,"0",1,0,0,1,1,1,1,1,1,0,0,1,0,1,0,0,0,0,1
963,"1",0,1,1,0,0,1,0,0,0,1,1,0,1,0,1,1,1,1,0
964,"0",1,0,0,1,1,1,1,1,1,0,0,1,0,1,0,0,0,0,1
965,"0",1,0,0,1,1,1,1,1,1,0,0,1,0,1,0,0,0,0,1
966,"0",1,0,0,1,1,1,1,1,1,0,0,1,0,1,0,0,0,0,1
967,"1",0,1,1,0,0,1,0,0,0,1,1,0,1,0,1,1,1,1,0
968,"0",1,0,0,1,1,1,1,1,1,0,0,1,0,1,0,0,0,0,1
969,"0",1,0,0,1,1,1,1,1,1,0,0,1,0,1,0,0,0,0,1
970,"1",1,0,0,1,1,1,1,1,1,0,0,1,0,1,0,0,0,0,1
971,"1",1,0,0,1,1,1,1,1,1,0,0,1,0,1,0,0,0,0,1
972,"1",1,0,0,1,1,1,1,1,1,0,0,1,0,1,0,0,0,0,1
973,"0",1,0,0,1,1,1,1,1,1,0,0,1,0,1,0,0,0,0,1
974,"1",1,0,0,1,1,1,1,1,1,0,0,1,0,1,0,0,0,0,1
975,"1",0,1,1,0,0,1,0,0,0,1,1,0,1,0,1,1,1,1,0
976,"0",1,0,0,1,1,1,1,1,1,0,0,1,0,1,0,0,0,0,1
977,"1",1,0,0,1,1,1,1,1,1,0,0,1,0,1,0,0,0,0,1
978,"1",1,0,0,1,1,1,1,1,1,0,0,1,0,1,0,0,0,0,1
979,"1",1,0,0,1,1,1,1,1,1,0,0,1,0,1,0,0,0,0,1
980,"0",1,0,0,1,1,1,1,1,1,0,0,1,0,1,0,0,0,0,1
981,"1",0,1,1,0,0,1,0,0,0,1,1,0,1,0,1,1,1,1,0
982,"0",1,0,0,1,1,1,1,1,1,0,0,1,0,1,0,0,0,0,1
983,"0",1,0,0,1,1,1,1,1,1,0,0,1,0,1,0,0,0,0,1
984,"0",1,0,0,1,1,1,1,1,1,0,0,1,0,1,0,0,0,0,1
985,"1",0,1,1,0,0,1,0,0,0,1,1,0,1,0,1,1,1,1,0
986,"1",1,0,0,1,1,1,1,1,1,0,0,1,0,1,0,0,0,0,1
987,"1",1,0,0,1,1,1,1,1,1,0,0,1,0,1,0,0,0,0,1
988,"1",0,1,1,0,0,1,0,0,0,1,1,0,1,0,1,1,1,1,0
989,"1",1,0,0,1,1,1,1,1,1,0,0,1,0,1,0,0,0,0,1
990,"1",0,1,1,0,0,1,0,0,0,1,1,0,1,0,1,1,1,1,0
991,"1",1,0,0,1,1,1,1,1,1,0,0,1,0,1,0,0,0,0,1
992,"0",1,0,0,1,1,1,1,1,1,0,0,1,0,1,0,0,0,0,1
993,"0",1,0,0,1,1,1,1,1,1,0,0,1,0,1,0,0,0,0,1
994,"0",1,0,0,1,1,1,1,1,1,0,0,1,0,1,0,0,0,0,1
995,"0",0,1,1,0,0,1,0,0,0,1,1,0,1,0,1,1,1,1,0
996,"1",1,0,0,1,1,1,1,1,1,0,0,1,0,1,0,0,0,0,1
997,"0",0,1,1,0,0,1,0,0,0,1,1,0,1,0,1,1,1,1,0
998,"0",0,1,1,0,0,1,0,0,0,1,1,0,1,0,1,1,1,1,0
999,"0",0,1,1,0,0,1,0,0,0,1,1,0,1,0,1,1,1,1,0
1000,"0",0,1,1,0,0,1,0,0,0,1,1,0,1,0,1,1,1,1,0
1001,"1",0,1,1,0,0,1,0,0,0,1,1,0,1,0,1,1,1,1,0
1002,"1",1,0,0,1,1,1,1,1,1,0,0,1,0,1,0,0,0,0,1
1003,"1",0,1,1,0,0,1,0,0,0,1,1,0,1,0,1,1,1,1,0
1004,"0",0,1,1,0,0,1,0,0,0,1,1,0,1,0,1,1,1,1,0
1005,"1",0,1,1,0,0,1,0,0,0,1,1,0,1,0,1,1,1,1,0
1006,"0",0,1,1,0,0,1,0,0,0,1,1,0,1,0,1,1,1,1,0
1007,"0",0,1,1,0,0,1,0,0,0,1,1,0,1,0,1,1,1,1,0
1008,"0",1,0,0,1,1,1,1,1,1,0,0,1,0,1,0,0,0,0,1
1009,"1",1,0,0,1,1,1,1,1,1,0,0,1,0,1,0,0,0,0,1
1010,"1",0,1,1,0,0,1,0,0,0,1,1,0,1,0,1,1,1,1,0
1011,"0",0,1,1,0,0,1,0,0,0,1,1,0,1,0,1,1,1,1,0
1012,"0",1,0,0,1,1,1,1,1,1,0,0,1,0,1,0,0,0,0,1
1013,"1",0,1,1,0,0,1,0,0,0,1,1,0,1,0,1,1,1,1,0
1014,"1",1,0,0,1,1,1,1,1,1,0,0,1,0,1,0,0,0,0,1
1015,"0",1,0,0,1,1,1,1,1,1,0,0,1,0,1,0,0,0,0,1
1016,"0",0,1,1,0,0,1,0,0,0,1,1,0,1,0,1,1,1,1,0
1017,"1",0,1,1,0,0,1,0,0,0,1,1,0,1,0,1,1,1,1,0
1018,"1",0,1,1,0,0,1,0,0,0,1,1,0,1,0,1,1,1,1,0
1019,"0",1,0,0,1,1,1,1,1,1,0,0,1,0,1,0,0,0,0,1
1020,"0",0,1,1,0,0,1,0,0,0,1,1,0,1,0,1,1,1,1,0
1021,"1",0,1,1,0,0,1,0,0,0,1,1,0,1,0,1,1,1,1,0
1022,"0",1,0,0,1,1,1,1,1,1,0,0,1,0,1,0,0,0,0,1
1023,"0",0,1,1,0,0,1,0,0,0,1,1,0,1,0,1,1,1,1,0
1024,"1",0,1,1,0,0,1,0,0,0,1,1,0,1,0,1,1,1,1,0
1025,"0",1,0,0,1,1,1,1,1,1,0,0,1,0,1,0,0,0,0,1
1026,"1",0,1,1,0,0,1,0,0,0,1,1,0,1,0,1,1,1,1,0
1027,"1",1,0,0,1,1,1,1,1,1,0,0,1,0,1,0,0,0,0,1
1028,"1",0,1,1,0,0,1,0,0,0,1,1,0,1,0,1,1,1,1,0
1029,"0",0,1,1,0,0,1,0,0,0,1,1,0,1,0,1,1,1,1,0
1030,"1",1,0,0,1,1,1,1,1,1,0,0,1,0,1,0,0,0,0,1
1031,"1",1,0,0,1,1,1,1,1,1,0,0,1,0,1,0,0,0,0,1
1032,"1",1,0,0,1,1,1,1,1,1,0,0,1,0,1,0,0,0,0,1
1033,"1",1,0,0,1,1,1,1,1,1,0,0,1,0,1,0,0,0,0,1
1034,"1",0,1,1,0,0,1,0,0,0,1,1,0,1,0,1,1,1,1,0
1035,"1",1,0,0,1,1,1,1,1,1,0,0,1,0,1,0,0,0,0,1
1036,"0",0,1,1,0,0,1,0,0,0,1,1,0,1,0,1,1,1,1,0
1037,"1",0,1,1,0,0,1,0,0,0,1,1,0,1,0,1,1,1,1,0
1038,"0",0,1,1,0,0,1,0,0,0,1,1,0,1,0,1,1,1,1,0
1039,"0",0,1,1,0,0,1,0,0,0,1,1,0,1,0,1,1,1,1,0
1040,"0",1,0,0,1,1,1,1,1,1,0,0,1,0,1,0,0,0,0,1
1041,"1",1,0,0,1,1,1,1,1,1,0,0,1,0,1,0,0,0,0,1
1042,"0",1,0,0,1,1,1,1,1,1,0,0,1,0,1,0,0,0,0,1
1043,"1",0,1,1,0,0,1,0,0,0,1,1,0,1,0,1,1,1,1,0
1044,"1",1,0,0,1,1,1,1,1,1,0,0,1,0,1,0,0,0,0,1
1045,"0",0,1,1,0,0,1,0,0,0,1,1,0,1,0,1,1,1,1,0
1046,"0",0,1,1,0,0,1,0,0,0,1,1,0,1,0,1,1,1,1,0
1047,"0",1,0,0,1,1,1,1,1,1,0,0,1,0,1,0,0,0,0,1
1048,"1",1,0,0,1,1,1,1,1,1,0,0,1,0,1,0,0,0,0,1
1049,"1",1,0,0,1,1,1,1,1,1,0,0,1,0,1,0,0,0,0,1
1050,"1",1,0,0,1,1,1,1,1,1,0,0,1,0,1,0,0,0,0,1
1051,"0",1,0,0,1,1,1,1,1,1,0,0,1,0,1,0,0,0,0,1
1052,"0",1,0,0,1,1,1,1,1,1,0,0,1,0,1,0,0,0,0,1
1053,"1",0,1,1,0,0,1,0,0,0,1,1,0,1,0,1,1,1,1,0
1054,"1",1,0,0,1,1,1,1,1,1,0,0,1,0,1,0,0,0,0,1
1055,"0",0,1,1,0,0,1,0,0,0,1,1,0,1,0,1,1,1,1,0
1056,"1",1,0,0,1,1,1,1,1,1,0,0,1,0,1,0,0,0,0,1
1057,"1",1,0,0,1,1,1,1,1,1,0,0,1,0,1,0,0,0,0,1
1058,"1",0,1,1,0,0,1,0,0,0,1,1,0,1,0,1,1,1,1,0
1059,"0",0,1,1,0,0,1,0,0,0,1,1,0,1,0,1,1,1,1,0
1060,"0",0,1,1,0,0,1,0,0,0,1,1,0,1,0,1,1,1,1,0
1061,"1",1,0,0,1,1,1,1,1,1,0,0,1,0,1,0,0,0,0,1
1062,"0",0,1,1,0,0,1,0,0,0,1,1,0,1,0,1,1,1,1,0
1063,"0",1,0,0,1,1,1,1,1,1,0,0,1,0,1,0,0,0,0,1
1064,"1",1,0,0,1,1,1,1,1,1,0,0,1,0,1,0,0,0,0,1
1065,"1",0,1,1,0,0,1,0,0,0,1,1,0,1,0,1,1,1,1,0
1066,"0",0,1,1,0,0,1,0,0,0,1,1,0,1,0,1,1,1,1,0
1067,"1",0,1,1,0,0,1,0,0,0,1,1,0,1,0,1,1,1,1,0
1068,"0",1,0,0,1,1,1,1,1,1,0,0,1,0,1,0,0,0,0,1
1069,"0",1,0,0,1,1,1,1,1,1,0,0,1,0,1,0,0,0,0,1
1070,"0",1,0,0,1,1,1,1,1,1,0,0,1,0,1,0,0,0,0,1
1071,"1",1,0,0,1,1,1,1,1,1,0,0,1,0,1,0,0,0,0,1
1072,"1",1,0,0,1,1,1,1,1,1,0,0,1,0,1,0,0,0,0,1
1073,"1",0,1,1,0,0,1,0,0,0,1,1,0,1,0,1,1,1,1,0
1074,"0",0,1,1,0,0,1,0,0,0,1,1,0,1,0,1,1,1,1,0
1075,"0",1,0,0,1,1,1,1,1,1,0,0,1,0,1,0,0,0,0,1
1076,"0",0,1,1,0,0,1,0,0,0,1,1,0,1,0,1,1,1,1,0
1077,"1",1,0,0,1,1,1,1,1,1,0,0,1,0,1,0,0,0,0,1
1078,"0",0,1,1,0,0,1,0,0,0,1,1,0,1,0,1,1,1,1,0
1079,"0",0,1,1,0,0,1,0,0,0,1,1,0,1,0,1,1,1,1,0
1080,"0",1,0,0,1,1,1,1,1,1,0,0,1,0,1,0,0,0,0,1
1081,"1",1,0,0,1,1,1,1,1,1,0,0,1,0,1,0,0,0,0,1
1082,"1",0,1,1,0,0,1,0,0,0,1,1,0,1,0,1,1,1,1,0
1083,"1",0,1,1,0,0,1,0,0,0,1,1,0,1,0,1,1,1,1,0
1084,"1",1,0,0,1,1,1,1,1,1,0,0,1,0,1,0,0,0,0,1
1085,"1",0,1,1,0,0,1,0,0,0,1,1,0,1,0,1,1,1,1,0
1086,"0",1,0,0,1,1,1,1,1,1,0,0,1,0,1,0,0,0,0,1
1087,"1",1,0,0,1,1,1,1,1,1,0,0,1,0,1,0,0,0,0,1
1088,"0",1,0,0,1,1,1,1,1,1,0,0,1,0,1,0,0,0,0,1
1089,"1",1,0,0,1,1,1,1,1,1,0,0,1,0,1,0,0,0,0,1
1090,"1",0,1,1,0,0,1,0,0,0,1,1,0,1,0,1,1,1,1,0
1091,"0",0,1,1,0,0,1,0,0,0,1,1,0,1,0,1,1,1,1,0
1092,"1",0,1,1,0,0,1,0,0,0,1,1,0,1,0,1,1,1,1,0
1093,"0",1,0,0,1,1,1,1,1,1,0,0,1,0,1,0,0,0,0,1
1094,"1",0,1,1,0,0,1,0,0,0,1,1,0,1,0,1,1,1,1,0
1095,"1",1,0,0,1,1,1,1,1,1,0,0,1,0,1,0,0,0,0,1
1096,"0",1,0,0,1,1,1,1,1,1,0,0,1,0,1,0,0,0,0,1
1097,"1",1,0,0,1,1,1,1,1,1,0,0,1,0,1,0,0,0,0,1
1098,"1",0,1,1,0,0,1,0,0,0,1,1,0,1,0,1,1,1,1,0
1099,"0",1,0,0,1,1,1,1,1,1,0,0,1,0,1,0,0,0,0,1
1100,"0",1,0,0,1,1,1,1,1,1,0,0,1,0,1,0,0,0,0,1
1101,"0",1,0,0,1,1,1,1,1,1,0,0,1,0,1,0,0,0,0,1
1102,"0",0,1,1,0,0,1,0,0,0,1,1,0,1,0,1,1,1,1,0
1103,"0",1,0,0,1,1,1,1,1,1,0,0,1,0,1,0,0,0,0,1
1104,"1",0,1,1,0,0,1,0,0,0,1,1,0,1,0,1,1,1,1,0
1105,"1",0,1,1,0,0,1,0,0,0,1,1,0,1,0,1,1,1,1,0
1106,"0",1,0,0,1,1,1,1,1,1,0,0,1,0,1,0,0,0,0,1
1107,"0",1,0,0,1,1,1,1,1,1,0,0,1,0,1,0,0,0,0,1
1108,"1",0,1,1,0,0,1,0,0,0,1,1,0,1,0,1,1,1,1,0
1109,"1",0,1,1,0,0,1,0,0,0,1,1,0,1,0,1,1,1,1,0
1110,"1",0,1,1,0,0,1,0,0,0,1,1,0,1,0,1,1,1,1,0
1111,"0",1,0,0,1,1,1,1,1,1,0,0,1,0,1,0,0,0,0,1
1112,"1",0,1,1,0,0,1,0,0,0,1,1,0,1,0,1,1,1,1,0
1113,"0",0,1,1,0,0,1,0,0,0,1,1,0,1,0,1,1,1,1,0
1114,"0",1,0,0,1,1,1,1,1,1,0,0,1,0,1,0,0,0,0,1
1115,"1",0,1,1,0,0,1,0,0,0,1,1,0,1,0,1,1,1,1,0
1116,"1",0,1,1,0,0,1,0,0,0,1,1,0,1,0,1,1,1,1,0
1117,"1",0,1,1,0,0,1,0,0,0,1,1,0,1,0,1,1,1,1,0
1118,"1",0,1,1,0,0,1,0,0,0,1,1,0,1,0,1,1,1,1,0
1119,"1",1,0,0,1,1,1,1,1,1,0,0,1,0,1,0,0,0,0,1
1120,"0",1,0,0,1,1,1,1,1,1,0,0,1,0,1,0,0,0,0,1
1121,"1",0,1,1,0,0,1,0,0,0,1,1,0,1,0,1,1,1,1,0
1122,"0",1,0,0,1,1,1,1,1,1,0,0,1,0,1,0,0,0,0,1
1123,"0",1,0,0,1,1,1,1,1,1,0,0,1,0,1,0,0,0,0,1
1124,"1",0,1,1,0,0,1,0,0,0,1,1,0,1,0,1,1,1,1,0
1125,"0",1,0,0,1,1,1,1,1,1,0,0,1,0,1,0,0,0,0,1
1126,"1",1,0,0,1,1,1,1,1,1,0,0,1,0,1,0,0,0,0,1
1127,"1",0,1,1,0,0,1,0,0,0,1,1,0,1,0,1,1,1,1,0
1128,"1",0,1,1,0,0,1,0,0,0,1,1,0,1,0,1,1,1,1,0
1129,"0",1,0,0,1,1,1,1,1,1,0,0,1,0,1,0,0,0,0,1
1130,"1",0,1,1,0,0,1,0,0,0,1,1,0,1,0,1,1,1,1,0
1131,"1",0,1,1,0,0,1,0,0,0,1,1,0,1,0,1,1,1,1,0
1132,"1",0,1,1,0,0,1,0,0,0,1,1,0,1,0,1,1,1,1,0
1133,"0",0,1,1,0,0,1,0,0,0,1,1,0,1,0,1,1,1,1,0
1134,"0",1,0,0,1,1,1,1,1,1,0,0,1,0,1,0,0,0,0,1
1135,"1",0,1,1,0,0,1,0,0,0,1,1,0,1,0,1,1,1,1,0
1136,"1",0,1,1,0,0,1,0,0,0,1,1,0,1,0,1,1,1,1,0
1137,"0",1,0,0,1,1,1,1,1,1,0,0,1,0,1,0,0,0,0,1
1138,"1",0,1,1,0,0,1,0,0,0,1,1,0,1,0,1,1,1,1,0
1139,"1",1,0,0,1,1,1,1,1,1,0,0,1,0,1,0,0,0,0,1
1140,"1",1,0,0,1,1,1,1,1,1,0,0,1,0,1,0,0,0,0,1
1141,"0",1,0,0,1,1,1,1,1,1,0,0,1,0,1,0,0,0,0,1
1142,"0",1,0,0,1,1,1,1,1,1,0,0,1,0,1,0,0,0,0,1
1143,"0",1,0,0,1,1,1,1,1,1,0,0,1,0,1,0,0,0,0,1
1144,"1",1,0,0,1,1,1,1,1,1,0,0,1,0,1,0,0,0,0,1
1145,"1",1,0,0,1,1,1,1,1,1,0,0,1,0,1,0,0,0,0,1
1146,"1",1,0,0,1,1,1,1,1,1,0,0,1,0,1,0,0,0,0,1
1147,"0",0,1,1,0,0,1,0,0,0,1,1,0,1,0,1,1,1,1,0
1148,"0",1,0,0,1,1,1,1,1,1,0,0,1,0,1,0,0,0,0,1
1149,"0",1,0,0,1,1,1,1,1,1,0,0,1,0,1,0,0,0,0,1
1150,"0",1,0,0,1,1,1,1,1,1,0,0,1,0,1,0,0,0,0,1
1151,"1",1,0,0,1,1,1,1,1,1,0,0,1,0,1,0,0,0,0,1
1152,"0",0,1,1,0,0,1,0,0,0,1,1,0,1,0,1,1,1,1,0
1153,"0",0,1,1,0,0,1,0,0,0,1,1,0,1,0,1,1,1,1,0
1154,"0",0,1,1,0,0,1,0,0,0,1,1,0,1,0,1,1,1,1,0
1155,"0",1,0,0,1,1,1,1,1,1,0,0,1,0,1,0,0,0,0,1
1156,"1",1,0,0,1,1,1,1,1,1,0,0,1,0,1,0,0,0,0,1
1157,"0",0,1,1,0,0,1,0,0,0,1,1,0,1,0,1,1,1,1,0
1158,"1",0,1,1,0,0,1,0,0,0,1,1,0,1,0,1,1,1,1,0
1159,"0",1,0,0,1,1,1,1,1,1,0,0,1,0,1,0,0,0,0,1
1160,"1",1,0,0,1,1,1,1,1,1,0,0,1,0,1,0,0,0,0,1
1161,"1",0,1,1,0,0,1,0,0,0,1,1,0,1,0,1,1,1,1,0
1162,"0",0,1,1,0,0,1,0,0,0,1,1,0,1,0,1,1,1,1,0
1163,"0",0,1,1,0,0,1,0,0,0,1,1,0,1,0,1,1,1,1,0
1164,"1",0,1,1,0,0,1,0,0,0,1,1,0,1,0,1,1,1,1,0
1165,"0",0,1,1,0,0,1,0,0,0,1,1,0,1,0,1,1,1,1,0
1166,"1",1,0,0,1,1,1,1,1,1,0,0,1,0,1,0,0,0,0,1
1167,"1",0,1,1,0,0,1,0,0,0,1,1,0,1,0,1,1,1,1,0
1168,"0",0,1,1,0,0,1,0,0,0,1,1,0,1,0,1,1,1,1,0
1169,"0",1,0,0,1,1,1,1,1,1,0,0,1,0,1,0,0,0,0,1
1170,"1",0,1,1,0,0,1,0,0,0,1,1,0,1,0,1,1,1,1,0
1171,"1",1,0,0,1,1,1,1,1,1,0,0,1,0,1,0,0,0,0,1
1172,"0",1,0,0,1,1,1,1,1,1,0,0,1,0,1,0,0,0,0,1
1173,"1",1,0,0,1,1,1,1,1,1,0,0,1,0,1,0,0,0,0,1
1174,"1",0,1,1,0,0,1,0,0,0,1,1,0,1,0,1,1,1,1,0
1175,"0",0,1,1,0,0,1,0,0,0,1,1,0,1,0,1,1,1,1,0
1176,"0",1,0,0,1,1,1,1,1,1,0,0,1,0,1,0,0,0,0,1
1177,"1",0,1,1,0,0,1,0,0,0,1,1,0,1,0,1,1,1,1,0
1178,"0",1,0,0,1,1,1,1,1,1,0,0,1,0,1,0,0,0,0,1
1179,"1",1,0,0,1,1,1,1,1,1,0,0,1,0,1,0,0,0,0,1
1180,"1",0,1,1,0,0,1,0,0,0,1,1,0,1,0,1,1,1,1,0
1181,"1",0,1,1,0,0,1,0,0,0,1,1,0,1,0,1,1,1,1,0
1182,"0",0,1,1,0,0,1,0,0,0,1,1,0,1,0,1,1,1,1,0
1183,"0",1,0,0,1,1,1,1,1,1,0,0,1,0,1,0,0,0,0,1
1184,"0",1,0,0,1,1,1,1,1,1,0,0,1,0,1,0,0,0,0,1
1185,"1",0,1,1,0,0,1,0,0,0,1,1,0,1,0,1,1,1,1,0
1186,"1",1,0,0,1,1,1,1,1,1,0,0,1,0,1,0,0,0,0,1
1187,"0",0,1,1,0,0,1,0,0,0,1,1,0,1,0,1,1,1,1,0
1188,"1",0,1,1,0,0,1,0,0,0,1,1,0,1,0,1,1,1,1,0
1189,"0",0,1,1,0,0,1,0,0,0,1,1,0,1,0,1,1,1,1,0
1190,"1",1,0,0,1,1,1,1,1,1,0,0,1,0,1,0,0,0,0,1
1191,"1",0,1,1,0,0,1,0,0,0,1,1,0,1,0,1,1,1,1,0
1192,"1",0,1,1,0,0,1,0,0,0,1,1,0,1,0,1,1,1,1,0
1193,"1",1,0,0,1,1,1,1,1,1,0,0,1,0,1,0,0,0,0,1
1194,"0",0,1,1,0,0,1,0,0,0,1,1,0,1,0,1,1,1,1,0
1195,"1",1,0,0,1,1,1,1,1,1,0,0,1,0,1,0,0,0,0,1
1196,"0",1,0,0,1,1,1,1,1,1,0,0,1,0,1,0,0,0,0,1
1197,"1",0,1,1,0,0,1,0,0,0,1,1,0,1,0,1,1,1,1,0
1198,"0",0,1,1,0,0,1,0,0,0,1,1,0,1,0,1,1,1,1,0
1199,"1",1,0,0,1,1,1,1,1,1,0,0,1,0,1,0,0,0,0,1
1200,"0",1,0,0,1,1,1,1,1,1,0,0,1,0,1,0,0,0,0,1
1201,"1",1,0,0,1,1,1,1,1,1,0,0,1,0,1,0,0,0,0,1
1202,"0",1,0,0,1,1,1,1,1,1,0,0,1,0,1,0,0,0,0,1
1203,"1",1,0,0,1,1,1,1,1,1,0,0,1,0,1,0,0,0,0,1
1204,"0",0,1,1,0,0,1,0,0,0,1,1,0,1,0,1,1,1,1,0
1205,"0",0,1,1,0,0,1,0,0,0,1,1,0,1,0,1,1,1,1,0
1206,"1",0,1,1,0,0,1,0,0,0,1,1,0,1,0,1,1,1,1,0
1207,"0",0,1,1,0,0,1,0,0,0,1,1,0,1,0,1,1,1,1,0
1208,"0",1,0,0,1,1,1,1,1,1,0,0,1,0,1,0,0,0,0,1
1209,"1",1,0,0,1,1,1,1,1,1,0,0,1,0,1,0,0,0,0,1
1210,"0",1,0,0,1,1,1,1,1,1,0,0,1,0,1,0,0,0,0,1
1211,"1",1,0,0,1,1,1,1,1,1,0,0,1,0,1,0,0,0,0,1
1212,"0",1,0,0,1,1,1,1,1,1,0,0,1,0,1,0,0,0,0,1
1213,"0",1,0,0,1,1,1,1,1,1,0,0,1,0,1,0,0,0,0,1
1214,"1",0,1,1,0,0,1,0,0,0,1,1,0,1,0,1,1,1,1,0
1215,"0",1,0,0,1,1,1,1,1,1,0,0,1,0,1,0,0,0,0,1
1216,"0",0,1,1,0,0,1,0,0,0,1,1,0,1,0,1,1,1,1,0
1217,"1",1,0,0,1,1,1,1,1,1,0,0,1,0,1,0,0,0,0,1
1218,"1",0,1,1,0,0,1,0,0,0,1,1,0,1,0,1,1,1,1,0
1219,"1",0,1,1,0,0,1,0,0,0,1,1,0,1,0,1,1,1,1,0
1220,"1",1,0,0,1,1,1,1,1,1,0,0,1,0,1,0,0,0,0,1
1221,"0",1,0,0,1,1,1,1,1,1,0,0,1,0,1,0,0,0,0,1
1222,"0",1,0,0,1,1,1,1,1,1,0,0,1,0,1,0,0,0,0,1
1223,"0",0,1,1,0,0,1,0,0,0,1,1,0,1,0,1,1,1,1,0
1224,"0",1,0,0,1,1,1,1,1,1,0,0,1,0,1,0,0,0,0,1
1225,"1",0,1,1,0,0,1,0,0,0,1,1,0,1,0,1,1,1,1,0
1226,"0",1,0,0,1,1,1,1,1,1,0,0,1,0,1,0,0,0,0,1
1227,"1",0,1,1,0,0,1,0,0,0,1,1,0,1,0,1,1,1,1,0
1228,"0",0,1,1,0,0,1,0,0,0,1,1,0,1,0,1,1,1,1,0
1229,"0",0,1,1,0,0,1,0,0,0,1,1,0,1,0,1,1,1,1,0
1230,"1",1,0,0,1,1,1,1,1,1,0,0,1,0,1,0,0,0,0,1
1231,"0",1,0,0,1,1,1,1,1,1,0,0,1,0,1,0,0,0,0,1
1232,"0",0,1,1,0,0,1,0,0,0,1,1,0,1,0,1,1,1,1,0
1233,"0",0,1,1,0,0,1,0,0,0,1,1,0,1,0,1,1,1,1,0
1234,"0",1,0,0,1,1,1,1,1,1,0,0,1,0,1,0,0,0,0,1
1235,"0",0,1,1,0,0,1,0,0,0,1,1,0,1,0,1,1,1,1,0
1236,"0",1,0,0,1,1,1,1,1,1,0,0,1,0,1,0,0,0,0,1
1237,"0",1,0,0,1,1,1,1,1,1,0,0,1,0,1,0,0,0,0,1
1238,"1",1,0,0,1,1,1,1,1,1,0,0,1,0,1,0,0,0,0,1
1239,"1",1,0,0,1,1,1,1,1,1,0,0,1,0,1,0,0,0,0,1
1240,"1",0,1,1,0,0,1,0,0,0,1,1,0,1,0,1,1,1,1,0
1241,"1",1,0,0,1,1,1,1,1,1,0,0,1,0,1,0,0,0,0,1
1242,"0",1,0,0,1,1,1,1,1,1,0,0,1,0,1,0,0,0,0,1
1243,"1",1,0,0,1,1,1,1,1,1,0,0,1,0,1,0,0,0,0,1
1244,"1",0,1,1,0,0,1,0,0,0,1,1,0,1,0,1,1,1,1,0
1245,"0",1,0,0,1,1,1,1,1,1,0,0,1,0,1,0,0,0,0,1
1246,"1",0,1,1,0,0,1,0,0,0,1,1,0,1,0,1,1,1,1,0
1247,"1",1,0,0,1,1,1,1,1,1,0,0,1,0,1,0,0,0,0,1
1248,"1",1,0,0,1,1,1,1,1,1,0,0,1,0,1,0,0,0,0,1
1249,"0",0,1,1,0,0,1,0,0,0,1,1,0,1,0,1,1,1,1,0
1250,"0",0,1,1,0,0,1,0,0,0,1,1,0,1,0,1,1,1,1,0
1251,"1",0,1,1,0,0,1,0,0,0,1,1,0,1,0,1,1,1,1,0
1252,"1",0,1,1,0,0,1,0,0,0,1,1,0,1,0,1,1,1,1,0
1253,"0",1,0,0,1,1,1,1,1,1,0,0,1,0,1,0,0,0,0,1
1254,"0",1,0,0,1,1,1,1,1,1,0,0,1,0,1,0,0,0,0,1
1255,"0",1,0,0,1,1,1,1,1,1,0,0,1,0,1,0,0,0,0,1
1256,"0",1,0,0,1,1,1,1,1,1,0,0,1,0,1,0,0,0,0,1
1257,"0",0,1,1,0,0,1,0,0,0,1,1,0,1,0,1,1,1,1,0
1258,"0",1,0,0,1,1,1,1,1,1,0,0,1,0,1,0,0,0,0,1
1259,"1",1,0,0,1,1,1,1,1,1,0,0,1,0,1,0,0,0,0,1
1260,"0",0,1,1,0,0,1,0,0,0,1,1,0,1,0,1,1,1,1,0
1261,"1",0,1,1,0,0,1,0,0,0,1,1,0,1,0,1,1,1,1,0
1262,"0",0,1,1,0,0,1,0,0,0,1,1,0,1,0,1,1,1,1,0
1263,"1",1,0,0,1,1,1,1,1,1,0,0,1,0,1,0,0,0,0,1
1264,"0",1,0,0,1,1,1,1,1,1,0,0,1,0,1,0,0,0,0,1
1265,"1",1,0,0,1,1,1,1,1,1,0,0,1,0,1,0,0,0,0,1
1266,"0",1,0,0,1,1,1,1,1,1,0,0,1,0,1,0,0,0,0,1
1267,"0",1,0,0,1,1,1,1,1,1,0,0,1,0,1,0,0,0,0,1
1268,"0",0,1,1,0,0,1,0,0,0,1,1,0,1,0,1,1,1,1,0
1269,"1",1,0,0,1,1,1,1,1,1,0,0,1,0,1,0,0,0,0,1
1270,"1",1,0,0,1,1,1,1,1,1,0,0,1,0,1,0,0,0,0,1
1271,"0",0,1,1,0,0,1,0,0,0,1,1,0,1,0,1,1,1,1,0
1272,"1",1,0,0,1,1,1,1,1,1,0,0,1,0,1,0,0,0,0,1
1273,"1",1,0,0,1,1,1,1,1,1,0,0,1,0,1,0,0,0,0,1
1274,"1",0,1,1,0,0,1,0,0,0,1,1,0,1,0,1,1,1,1,0
1275,"1",1,0,0,1,1,1,1,1,1,0,0,1,0,1,0,0,0,0,1
1276,"1",0,1,1,0,0,1,0,0,0,1,1,0,1,0,1,1,1,1,0
1277,"1",1,0,0,1,1,1,1,1,1,0,0,1,0,1,0,0,0,0,1
1278,"0",1,0,0,1,1,1,1,1,1,0,0,1,0,1,0,0,0,0,1
1279,"0",0,1,1,0,0,1,0,0,0,1,1,0,1,0,1,1,1,1,0
1280,"1",1,0,0,1,1,1,1,1,1,0,0,1,0,1,0,0,0,0,1
1281,"1",0,1,1,0,0,1,0,0,0,1,1,0,1,0,1,1,1,1,0
1282,"1",1,0,0,1,1,1,1,1,1,0,0,1,0,1,0,0,0,0,1
1283,"1",0,1,1,0,0,1,0,0,0,1,1,0,1,0,1,1,1,1,0
1284,"1",0,1,1,0,0,1,0,0,0,1,1,0,1,0,1,1,1,1,0
1285,"1",0,1,1,0,0,1,0,0,0,1,1,0,1,0,1,1,1,1,0
1286,"0",1,0,0,1,1,1,1,1,1,0,0,1,0,1,0,0,0,0,1
1287,"1",1,0,0,1,1,1,1,1,1,0,0,1,0,1,0,0,0,0,1
1288,"0",1,0,0,1,1,1,1,1,1,0,0,1,0,1,0,0,0,0,1
1289,"1",1,0,0,1,1,1,1,1,1,0,0,1,0,1,0,0,0,0,1
1290,"0",0,1,1,0,0,1,0,0,0,1,1,0,1,0,1,1,1,1,0
1291,"1",1,0,0,1,1,1,1,1,1,0,0,1,0,1,0,0,0,0,1
1292,"0",1,0,0,1,1,1,1,1,1,0,0,1,0,1,0,0,0,0,1
1293,"0",0,1,1,0,0,1,0,0,0,1,1,0,1,0,1,1,1,1,0
1294,"1",1,0,0,1,1,1,1,1,1,0,0,1,0,1,0,0,0,0,1
1295,"1",0,1,1,0,0,1,0,0,0,1,1,0,1,0,1,1,1,1,0
1296,"0",1,0,0,1,1,1,1,1,1,0,0,1,0,1,0,0,0,0,1
1297,"1",1,0,0,1,1,1,1,1,1,0,0,1,0,1,0,0,0,0,1
1298,"0",0,1,1,0,0,1,0,0,0,1,1,0,1,0,1,1,1,1,0
1299,"0",0,1,1,0,0,1,0,0,0,1,1,0,1,0,1,1,1,1,0
1300,"1",0,1,1,0,0,1,0,0,0,1,1,0,1,0,1,1,1,1,0
1301,"0",1,0,0,1,1,1,1,1,1,0,0,1,0,1,0,0,0,0,1
1302,"1",1,0,0,1,1,1,1,1,1,0,0,1,0,1,0,0,0,0,1
1303,"1",0,1,1,0,0,1,0,0,0,1,1,0,1,0,1,1,1,1,0
1304,"0",1,0,0,1,1,1,1,1,1,0,0,1,0,1,0,0,0,0,1
1305,"1",1,0,0,1,1,1,1,1,1,0,0,1,0,1,0,0,0,0,1
1306,"1",0,1,1,0,0,1,0,0,0,1,1,0,1,0,1,1,1,1,0
1307,"0",1,0,0,1,1,1,1,1,1,0,0,1,0,1,0,0,0,0,1
1308,"1",0,1,1,0,0,1,0,0,0,1,1,0,1,0,1,1,1,1,0
1309,"1",1,0,0,1,1,1,1,1,1,0,0,1,0,1,0,0,0,0,1
1310,"0",1,0,0,1,1,1,1,1,1,0,0,1,0,1,0,0,0,0,1
1311,"0",0,1,1,0,0,1,0,0,0,1,1,0,1,0,1,1,1,1,0
1312,"1",0,1,1,0,0,1,0,0,0,1,1,0,1,0,1,1,1,1,0
1313,"0",0,1,1,0,0,1,0,0,0,1,1,0,1,0,1,1,1,1,0
1314,"0",0,1,1,0,0,1,0,0,0,1,1,0,1,0,1,1,1,1,0
1315,"1",1,0,0,1,1,1,1,1,1,0,0,1,0,1,0,0,0,0,1
1316,"0",1,0,0,1,1,1,1,1,1,0,0,1,0,1,0,0,0,0,1
1317,"0",1,0,0,1,1,1,1,1,1,0,0,1,0,1,0,0,0,0,1
1318,"1",1,0,0,1,1,1,1,1,1,0,0,1,0,1,0,0,0,0,1
1319,"1",1,0,0,1,1,1,1,1,1,0,0,1,0,1,0,0,0,0,1
1320,"0",1,0,0,1,1,1,1,1,1,0,0,1,0,1,0,0,0,0,1
1321,"0",0,1,1,0,0,1,0,0,0,1,1,0,1,0,1,1,1,1,0
1322,"0",0,1,1,0,0,1,0,0,0,1,1,0,1,0,1,1,1,1,0
1323,"1",1,0,0,1,1,1,1,1,1,0,0,1,0,1,0,0,0,0,1
1324,"1",1,0,0,1,1,1,1,1,1,0,0,1,0,1,0,0,0,0,1
1325,"0",1,0,0,1,1,1,1,1,1,0,0,1,0,1,0,0,0,0,1
1326,"1",0,1,1,0,0,1,0,0,0,1,1,0,1,0,1,1,1,1,0
1327,"0",0,1,1,0,0,1,0,0,0,1,1,0,1,0,1,1,1,1,0
1328,"1",1,0,0,1,1,1,1,1,1,0,0,1,0,1,0,0,0,0,1
1329,"1",1,0,0,1,1,1,1,1,1,0,0,1,0,1,0,0,0,0,1
1330,"0",1,0,0,1,1,1,1,1,1,0,0,1,0,1,0,0,0,0,1
1331,"0",0,1,1,0,0,1,0,0,0,1,1,0,1,0,1,1,1,1,0
1332,"1",0,1,1,0,0,1,0,0,0,1,1,0,1,0,1,1,1,1,0
1333,"1",1,0,0,1,1,1,1,1,1,0,0,1,0,1,0,0,0,0,1
1334,"1",0,1,1,0,0,1,0,0,0,1,1,0,1,0,1,1,1,1,0
1335,"0",0,1,1,0,0,1,0,0,0,1,1,0,1,0,1,1,1,1,0
1336,"1",0,1,1,0,0,1,0,0,0,1,1,0,1,0,1,1,1,1,0
1337,"0",1,0,0,1,1,1,1,1,1,0,0,1,0,1,0,0,0,0,1
1338,"0",1,0,0,1,1,1,1,1,1,0,0,1,0,1,0,0,0,0,1
1339,"1",1,0,0,1,1,1,1,1,1,0,0,1,0,1,0,0,0,0,1
1340,"0",1,0,0,1,1,1,1,1,1,0,0,1,0,1,0,0,0,0,1
1341,"1",0,1,1,0,0,1,0,0,0,1,1,0,1,0,1,1,1,1,0
1342,"1",1,0,0,1,1,1,1,1,1,0,0,1,0,1,0,0,0,0,1
1343,"0",1,0,0,1,1,1,1,1,1,0,0,1,0,1,0,0,0,0,1
1344,"0",1,0,0,1,1,1,1,1,1,0,0,1,0,1,0,0,0,0,1
1345,"1",1,0,0,1,1,1,1,1,1,0,0,1,0,1,0,0,0,0,1
1346,"1",0,1,1,0,0,1,0,0,0,1,1,0,1,0,1,1,1,1,0
1347,"0",0,1,1,0,0,1,0,0,0,1,1,0,1,0,1,1,1,1,0
1348,"1",1,0,0,1,1,1,1,1,1,0,0,1,0,1,0,0,0,0,1
1349,"0",0,1,1,0,0,1,0,0,0,1,1,0,1,0,1,1,1,1,0
1350,"1",0,1,1,0,0,1,0,0,0,1,1,0,1,0,1,1,1,1,0
1351,"0",0,1,1,0,0,1,0,0,0,1,1,0,1,0,1,1,1,1,0
1352,"0",1,0,0,1,1,1,1,1,1,0,0,1,0,1,0,0,0,0,1
1353,"1",1,0,0,1,1,1,1,1,1,0,0,1,0,1,0,0,0,0,1
1354,"1",1,0,0,1,1,1,1,1,1,0,0,1,0,1,0,0,0,0,1
1355,"0",1,0,0,1,1,1,1,1,1,0,0,1,0,1,0,0,0,0,1
1356,"1",1,0,0,1,1,1,1,1,1,0,0,1,0,1,0,0,0,0,1
1357,"1",0,1,1,0,0,1,0,0,0,1,1,0,1,0,1,1,1,1,0
1358,"1",1,0,0,1,1,1,1,1,1,0,0,1,0,1,0,0,0,0,1
1359,"0",0,1,1,0,0,1,0,0,0,1,1,0,1,0,1,1,1,1,0
1360,"0",0,1,1,0,0,1,0,0,0,1,1,0,1,0,1,1,1,1,0
1361,"1",1,0,0,1,1,1,1,1,1,0,0,1,0,1,0,0,0,0,1
1362,"1",0,1,1,0,0,1,0,0,0,1,1,0,1,0,1,1,1,1,0
1363,"1",0,1,1,0,0,1,0,0,0,1,1,0,1,0,1,1,1,1,0
1364,"0",0,1,1,0,0,1,0,0,0,1,1,0,1,0,1,1,1,1,0
1365,"1",0,1,1,0,0,1,0,0,0,1,1,0,1,0,1,1,1,1,0
1366,"0",1,0,0,1,1,1,1,1,1,0,0,1,0,1,0,0,0,0,1
1367,"1",1,0,0,1,1,1,1,1,1,0,0,1,0,1,0,0,0,0,1
1368,"1",0,1,1,0,0,1,0,0,0,1,1,0,1,0,1,1,1,1,0
1369,"1",0,1,1,0,0,1,0,0,0,1,1,0,1,0,1,1,1,1,0
1370,"1",1,0,0,1,1,1,1,1,1,0,0,1,0,1,0,0,0,0,1
1371,"1",1,0,0,1,1,1,1,1,1,0,0,1,0,1,0,0,0,0,1
1372,"0",0,1,1,0,0,1,0,0,0,1,1,0,1,0,1,1,1,1,0
1373,"1",1,0,0,1,1,1,1,1,1,0,0,1,0,1,0,0,0,0,1
1374,"1",1,0,0,1,1,1,1,1,1,0,0,1,0,1,0,0,0,0,1
1375,"1",0,1,1,0,0,1,0,0,0,1,1,0,1,0,1,1,1,1,0
1376,"0",0,1,1,0,0,1,0,0,0,1,1,0,1,0,1,1,1,1,0
1377,"1",0,1,1,0,0,1,0,0,0,1,1,0,1,0,1,1,1,1,0
1378,"0",1,0,0,1,1,1,1,1,1,0,0,1,0,1,0,0,0,0,1
1379,"1",0,1,1,0,0,1,0,0,0,1,1,0,1,0,1,1,1,1,0
1380,"1",0,1,1,0,0,1,0,0,0,1,1,0,1,0,1,1,1,1,0
1381,"0",0,1,1,0,0,1,0,0,0,1,1,0,1,0,1,1,1,1,0
1382,"1",0,1,1,0,0,1,0,0,0,1,1,0,1,0,1,1,1,1,0
1383,"0",0,1,1,0,0,1,0,0,0,1,1,0,1,0,1,1,1,1,0
1384,"0",0,1,1,0,0,1,0,0,0,1,1,0,1,0,1,1,1,1,0
1385,"0",1,0,0,1,1,1,1,1,1,0,0,1,0,1,0,0,0,0,1
1386,"0",1,0,0,1,1,1,1,1,1,0,0,1,0,1,0,0,0,0,1
1387,"1",1,0,0,1,1,1,1,1,1,0,0,1,0,1,0,0,0,0,1
1388,"1",0,1,1,0,0,1,0,0,0,1,1,0,1,0,1,1,1,1,0
1389,"1",1,0,0,1,1,1,1,1,1,0,0,1,0,1,0,0,0,0,1
1390,"0",1,0,0,1,1,1,1,1,1,0,0,1,0,1,0,0,0,0,1
1391,"0",0,1,1,0,0,1,0,0,0,1,1,0,1,0,1,1,1,1,0
1392,"0",0,1,1,0,0,1,0,0,0,1,1,0,1,0,1,1,1,1,0
1393,"1",0,1,1,0,0,1,0,0,0,1,1,0,1,0,1,1,1,1,0
1394,"0",0,1,1,0,0,1,0,0,0,1,1,0,1,0,1,1,1,1,0
1395,"1",1,0,0,1,1,1,1,1,1,0,0,1,0,1,0,0,0,0,1
1396,"0",1,0,0,1,1,1,1,1,1,0,0,1,0,1,0,0,0,0,1
1397,"0",1,0,0,1,1,1,1,1,1,0,0,1,0,1,0,0,0,0,1
1398,"1",0,1,1,0,0,1,0,0,0,1,1,0,1,0,1,1,1,1,0
1399,"1",0,1,1,0,0,1,0,0,0,1,1,0,1,0,1,1,1,1,0
1400,"1",0,1,1,0,0,1,0,0,0,1,1,0,1,0,1,1,1,1,0
1401,"1",0,1,1,0,0,1,0,0,0,1,1,0,1,0,1,1,1,1,0
1402,"0",0,1,1,0,0,1,0,0,0,1,1,0,1,0,1,1,1,1,0
1403,"1",1,0,0,1,1,1,1,1,1,0,0,1,0,1,0,0,0,0,1
1404,"1",1,0,0,1,1,1,1,1,1,0,0,1,0,1,0,0,0,0,1
1405,"1",1,0,0,1,1,1,1,1,1,0,0,1,0,1,0,0,0,0,1
1406,"0",1,0,0,1,1,1,1,1,1,0,0,1,0,1,0,0,0,0,1
1407,"0",0,1,1,0,0,1,0,0,0,1,1,0,1,0,1,1,1,1,0
1408,"0",0,1,1,0,0,1,0,0,0,1,1,0,1,0,1,1,1,1,0
1409,"1",1,0,0,1,1,1,1,1,1,0,0,1,0,1,0,0,0,0,1
1410,"0",0,1,1,0,0,1,0,0,0,1,1,0,1,0,1,1,1,1,0
1411,"1",0,1,1,0,0,1,0,0,0,1,1,0,1,0,1,1,1,1,0
1412,"0",0,1,1,0,0,1,0,0,0,1,1,0,1,0,1,1,1,1,0
1413,"0",1,0,0,1,1,1,1,1,1,0,0,1,0,1,0,0,0,0,1
1414,"1",0,1,1,0,0,1,0,0,0,1,1,0,1,0,1,1,1,1,0
1415,"1",0,1,1,0,0,1,0,0,0,1,1,0,1,0,1,1,1,1,0
1416,"1",0,1,1,0,0,1,0,0,0,1,1,0,1,0,1,1,1,1,0
1417,"0",0,1,1,0,0,1,0,0,0,1,1,0,1,0,1,1,1,1,0
1418,"0",0,1,1,0,0,1,0,0,0,1,1,0,1,0,1,1,1,1,0
1419,"0",0,1,1,0,0,1,0,0,0,1,1,0,1,0,1,1,1,1,0
1420,"1",0,1,1,0,0,1,0,0,0,1,1,0,1,0,1,1,1,1,0
1421,"0",0,1,1,0,0,1,0,0,0,1,1,0,1,0,1,1,1,1,0
1422,"0",0,1,1,0,0,1,0,0,0,1,1,0,1,0,1,1,1,1,0
1423,"1",1,0,0,1,1,1,1,1,1,0,0,1,0,1,0,0,0,0,1
1424,"1",1,0,0,1,1,1,1,1,1,0,0,1,0,1,0,0,0,0,1
1425,"1",1,0,0,1,1,1,1,1,1,0,0,1,0,1,0,0,0,0,1
1426,"0",0,1,1,0,0,1,0,0,0,1,1,0,1,0,1,1,1,1,0
1427,"1",0,1,1,0,0,1,0,0,0,1,1,0,1,0,1,1,1,1,0
1428,"1",0,1,1,0,0,1,0,0,0,1,1,0,1,0,1,1,1,1,0
1429,"0",1,0,0,1,1,1,1,1,1,0,0,1,0,1,0,0,0,0,1
1430,"1",1,0,0,1,1,1,1,1,1,0,0,1,0,1,0,0,0,0,1
1431,"0",1,0,0,1,1,1,1,1,1,0,0,1,0,1,0,0,0,0,1
1432,"0",1,0,0,1,1,1,1,1,1,0,0,1,0,1,0,0,0,0,1
1433,"0",1,0,0,1,1,1,1,1,1,0,0,1,0,1,0,0,0,0,1
1434,"0",0,1,1,0,0,1,0,0,0,1,1,0,1,0,1,1,1,1,0
1435,"1",0,1,1,0,0,1,0,0,0,1,1,0,1,0,1,1,1,1,0
1436,"1",0,1,1,0,0,1,0,0,0,1,1,0,1,0,1,1,1,1,0
1437,"0",1,0,0,1,1,1,1,1,1,0,0,1,0,1,0,0,0,0,1
1438,"1",0,1,1,0,0,1,0,0,0,1,1,0,1,0,1,1,1,1,0
1439,"0",0,1,1,0,0,1,0,0,0,1,1,0,1,0,1,1,1,1,0
1440,"0",1,0,0,1,1,1,1,1,1,0,0,1,0,1,0,0,0,0,1
1441,"0",0,1,1,0,0,1,0,0,0,1,1,0,1,0,1,1,1,1,0
1442,"1",0,1,1,0,0,1,0,0,0,1,1,0,1,0,1,1,1,1,0
1443,"0",1,0,0,1,1,1,1,1,1,0,0,1,0,1,0,0,0,0,1
1444,"0",1,0,0,1,1,1,1,1,1,0,0,1,0,1,0,0,0,0,1
1445,"0",1,0,0,1,1,1,1,1,1,0,0,1,0,1,0,0,0,0,1
1446,"0",0,1,1,0,0,1,0,0,0,1,1,0,1,0,1,1,1,1,0
1447,"0",0,1,1,0,0,1,0,0,0,1,1,0,1,0,1,1,1,1,0
1448,"1",0,1,1,0,0,1,0,0,0,1,1,0,1,0,1,1,1,1,0
1449,"0",0,1,1,0,0,1,0,0,0,1,1,0,1,0,1,1,1,1,0
1450,"1",1,0,0,1,1,1,1,1,1,0,0,1,0,1,0,0,0,0,1
1451,"1",0,1,1,0,0,1,0,0,0,1,1,0,1,0,1,1,1,1,0
1452,"1",0,1,1,0,0,1,0,0,0,1,1,0,1,0,1,1,1,1,0
1453,"0",1,0,0,1,1,1,1,1,1,0,0,1,0,1,0,0,0,0,1
1454,"0",1,0,0,1,1,1,1,1,1,0,0,1,0,1,0,0,0,0,1
1455,"0",0,1,1,0,0,1,0,0,0,1,1,0,1,0,1,1,1,1,0
1456,"1",1,0,0,1,1,1,1,1,1,0,0,1,0,1,0,0,0,0,1
1457,"0",0,1,1,0,0,1,0,0,0,1,1,0,1,0,1,1,1,1,0
1458,"0",1,0,0,1,1,1,1,1,1,0,0,1,0,1,0,0,0,0,1
1459,"1",0,1,1,0,0,1,0,0,0,1,1,0,1,0,1,1,1,1,0
1460,"1",0,1,1,0,0,1,0,0,0,1,1,0,1,0,1,1,1,1,0
1461,"1",1,0,0,1,1,1,1,1,1,0,0,1,0,1,0,0,0,0,1
1462,"0",1,0,0,1,1,1,1,1,1,0,0,1,0,1,0,0,0,0,1
1463,"0",1,0,0,1,1,1,1,1,1,0,0,1,0,1,0,0,0,0,1
1464,"0",0,1,1,0,0,1,0,0,0,1,1,0,1,0,1,1,1,1,0
1465,"1",1,0,0,1,1,1,1,1,1,0,0,1,0,1,0,0,0,0,1
1466,"0",1,0,0,1,1,1,1,1,1,0,0,1,0,1,0,0,0,0,1
1467,"1",1,0,0,1,1,1,1,1,1,0,0,1,0,1,0,0,0,0,1
1468,"1",0,1,1,0,0,1,0,0,0,1,1,0,1,0,1,1,1,1,0
1469,"0",0,1,1,0,0,1,0,0,0,1,1,0,1,0,1,1,1,1,0
1470,"1",1,0,0,1,1,1,1,1,1,0,0,1,0,1,0,0,0,0,1
1471,"1",0,1,1,0,0,1,0,0,0,1,1,0,1,0,1,1,1,1,0
1472,"1",0,1,1,0,0,1,0,0,0,1,1,0,1,0,1,1,1,1,0
1473,"1",0,1,1,0,0,1,0,0,0,1,1,0,1,0,1,1,1,1,0
1474,"1",1,0,0,1,1,1,1,1,1,0,0,1,0,1,0,0,0,0,1
1475,"0",1,0,0,1,1,1,1,1,1,0,0,1,0,1,0,0,0,0,1
1476,"1",1,0,0,1,1,1,1,1,1,0,0,1,0,1,0,0,0,0,1
1477,"0",1,0,0,1,1,1,1,1,1,0,0,1,0,1,0,0,0,0,1
1478,"0",1,0,0,1,1,1,1,1,1,0,0,1,0,1,0,0,0,0,1
1479,"1",0,1,1,0,0,1,0,0,0,1,1,0,1,0,1,1,1,1,0
1480,"0",0,1,1,0,0,1,0,0,0,1,1,0,1,0,1,1,1,1,0
1481,"1",1,0,0,1,1,1,1,1,1,0,0,1,0,1,0,0,0,0,1
1482,"0",0,1,1,0,0,1,0,0,0,1,1,0,1,0,1,1,1,1,0
1483,"0",0,1,1,0,0,1,0,0,0,1,1,0,1,0,1,1,1,1,0
1484,"1",0,1,1,0,0,1,0,0,0,1,1,0,1,0,1,1,1,1,0
1485,"1",1,0,0,1,1,1,1,1,1,0,0,1,0,1,0,0,0,0,1
1486,"1",1,0,0,1,1,1,1,1,1,0,0,1,0,1,0,0,0,0,1
1487,"0",0,1,1,0,0,1,0,0,0,1,1,0,1,0,1,1,1,1,0
1488,"1",0,1,1,0,0,1,0,0,0,1,1,0,1,0,1,1,1,1,0
1489,"0",0,1,1,0,0,1,0,0,0,1,1,0,1,0,1,1,1,1,0
1490,"0",0,1,1,0,0,1,0,0,0,1,1,0,1,0,1,1,1,1,0
1491,"0",0,1,1,0,0,1,0,0,0,1,1,0,1,0,1,1,1,1,0
1492,"0",1,0,0,1,1,1,1,1,1,0,0,1,0,1,0,0,0,0,1
1493,"0",1,0,0,1,1,1,1,1,1,0,0,1,0,1,0,0,0,0,1
1494,"1",1,0,0,1,1,1,1,1,1,0,0,1,0,1,0,0,0,0,1
1495,"0",1,0,0,1,1,1,1,1,1,0,0,1,0,1,0,0,0,0,1
1496,"0",0,1,1,0,0,1,0,0,0,1,1,0,1,0,1,1,1,1,0
1497,"1",0,1,1,0,0,1,0,0,0,1,1,0,1,0,1,1,1,1,0
1498,"0",0,1,1,0,0,1,0,0,0,1,1,0,1,0,1,1,1,1,0
1499,"0",1,0,0,1,1,1,1,1,1,0,0,1,0,1,0,0,0,0,1
1500,"1",0,1,1,0,0,1,0,0,0,1,1,0,1,0,1,1,1,1,0
1501,"0",0,1,1,0,0,1,0,0,0,1,1,0,1,0,1,1,1,1,0
1502,"0",0,1,1,0,0,1,0,0,0,1,1,0,1,0,1,1,1,1,0
1503,"1",1,0,0,1,1,1,1,1,1,0,0,1,0,1,0,0,0,0,1
1504,"0",1,0,0,1,1,1,1,1,1,0,0,1,0,1,0,0,0,0,1
1505,"1",0,1,1,0,0,1,0,0,0,1,1,0,1,0,1,1,1,1,0
1506,"1",1,0,0,1,1,1,1,1,1,0,0,1,0,1,0,0,0,0,1
1507,"1",1,0,0,1,1,1,1,1,1,0,0,1,0,1,0,0,0,0,1
1508,"0",0,1,1,0,0,1,0,0,0,1,1,0,1,0,1,1,1,1,0
1509,"1",1,0,0,1,1,1,1,1,1,0,0,1,0,1,0,0,0,0,1
1510,"1",0,1,1,0,0,1,0,0,0,1,1,0,1,0,1,1,1,1,0
1511,"0",0,1,1,0,0,1,0,0,0,1,1,0,1,0,1,1,1,1,0
1512,"1",1,0,0,1,1,1,1,1,1,0,0,1,0,1,0,0,0,0,1
1513,"0",1,0,0,1,1,1,1,1,1,0,0,1,0,1,0,0,0,0,1
1514,"1",1,0,0,1,1,1,1,1,1,0,0,1,0,1,0,0,0,0,1
1515,"1",1,0,0,1,1,1,1,1,1,0,0,1,0,1,0,0,0,0,1
1516,"1",1,0,0,1,1,1,1,1,1,0,0,1,0,1,0,0,0,0,1
1517,"0",0,1,1,0,0,1,0,0,0,1,1,0,1,0,1,1,1,1,0
1518,"0",1,0,0,1,1,1,1,1,1,0,0,1,0,1,0,0,0,0,1
1519,"0",1,0,0,1,1,1,1,1,1,0,0,1,0,1,0,0,0,0,1
1520,"0",0,1,1,0,0,1,0,0,0,1,1,0,1,0,1,1,1,1,0
1521,"0",0,1,1,0,0,1,0,0,0,1,1,0,1,0,1,1,1,1,0
1522,"0",0,1,1,0,0,1,0,0,0,1,1,0,1,0,1,1,1,1,0
1523,"1",1,0,0,1,1,1,1,1,1,0,0,1,0,1,0,0,0,0,1
1524,"0",0,1,1,0,0,1,0,0,0,1,1,0,1,0,1,1,1,1,0
1525,"1",0,1,1,0,0,1,0,0,0,1,1,0,1,0,1,1,1,1,0
1526,"1",0,1,1,0,0,1,0,0,0,1,1,0,1,0,1,1,1,1,0
1527,"0",1,0,0,1,1,1,1,1,1,0,0,1,0,1,0,0,0,0,1
1528,"1",0,1,1,0,0,1,0,0,0,1,1,0,1,0,1,1,1,1,0
1529,"1",1,0,0,1,1,1,1,1,1,0,0,1,0,1,0,0,0,0,1
1530,"1",1,0,0,1,1,1,1,1,1,0,0,1,0,1,0,0,0,0,1
1531,"1",1,0,0,1,1,1,1,1,1,0,0,1,0,1,0,0,0,0,1
1532,"0",1,0,0,1,1,1,1,1,1,0,0,1,0,1,0,0,0,0,1
1533,"0",0,1,1,0,0,1,0,0,0,1,1,0,1,0,1,1,1,1,0
1534,"0",1,0,0,1,1,1,1,1,1,0,0,1,0,1,0,0,0,0,1
1535,"1",0,1,1,0,0,1,0,0,0,1,1,0,1,0,1,1,1,1,0
1536,"0",0,1,1,0,0,1,0,0,0,1,1,0,1,0,1,1,1,1,0
1537,"0",1,0,0,1,1,1,1,1,1,0,0,1,0,1,0,0,0,0,1
1538,"0",1,0,0,1,1,1,1,1,1,0,0,1,0,1,0,0,0,0,1
1539,"1",1,0,0,1,1,1,1,1,1,0,0,1,0,1,0,0,0,0,1
1540,"0",1,0,0,1,1,1,1,1,1,0,0,1,0,1,0,0,0,0,1
1541,"0",0,1,1,0,0,1,0,0,0,1,1,0,1,0,1,1,1,1,0
1542,"1",1,0,0,1,1,1,1,1,1,0,0,1,0,1,0,0,0,0,1
1543,"1",1,0,0,1,1,1,1,1,1,0,0,1,0,1,0,0,0,0,1
1544,"1",1,0,0,1,1,1,1,1,1,0,0,1,0,1,0,0,0,0,1
1545,"0",1,0,0,1,1,1,1,1,1,0,0,1,0,1,0,0,0,0,1
1546,"0",0,1,1,0,0,1,0,0,0,1,1,0,1,0,1,1,1,1,0
1547,"0",1,0,0,1,1,1,1,1,1,0,0,1,0,1,0,0,0,0,1
1548,"0",0,1,1,0,0,1,0,0,0,1,1,0,1,0,1,1,1,1,0
1549,"1",0,1,1,0,0,1,0,0,0,1,1,0,1,0,1,1,1,1,0
1550,"0",1,0,0,1,1,1,1,1,1,0,0,1,0,1,0,0,0,0,1
1551,"1",0,1,1,0,0,1,0,0,0,1,1,0,1,0,1,1,1,1,0
1552,"1",1,0,0,1,1,1,1,1,1,0,0,1,0,1,0,0,0,0,1
1553,"1",0,1,1,0,0,1,0,0,0,1,1,0,1,0,1,1,1,1,0
1554,"1",1,0,0,1,1,1,1,1,1,0,0,1,0,1,0,0,0,0,1
1555,"1",1,0,0,1,1,1,1,1,1,0,0,1,0,1,0,0,0,0,1
1556,"1",1,0,0,1,1,1,1,1,1,0,0,1,0,1,0,0,0,0,1
1557,"0",1,0,0,1,1,1,1,1,1,0,0,1,0,1,0,0,0,0,1
1558,"1",0,1,1,0,0,1,0,0,0,1,1,0,1,0,1,1,1,1,0
1559,"1",0,1,1,0,0,1,0,0,0,1,1,0,1,0,1,1,1,1,0
1560,"1",0,1,1,0,0,1,0,0,0,1,1,0,1,0,1,1,1,1,0
1561,"1",0,1,1,0,0,1,0,0,0,1,1,0,1,0,1,1,1,1,0
1562,"0",0,1,1,0,0,1,0,0,0,1,1,0,1,0,1,1,1,1,0
1563,"0",0,1,1,0,0,1,0,0,0,1,1,0,1,0,1,1,1,1,0
1564,"1",0,1,1,0,0,1,0,0,0,1,1,0,1,0,1,1,1,1,0
1565,"1",0,1,1,0,0,1,0,0,0,1,1,0,1,0,1,1,1,1,0
1566,"0",1,0,0,1,1,1,1,1,1,0,0,1,0,1,0,0,0,0,1
1567,"1",1,0,0,1,1,1,1,1,1,0,0,1,0,1,0,0,0,0,1
1568,"0",0,1,1,0,0,1,0,0,0,1,1,0,1,0,1,1,1,1,0
1569,"1",0,1,1,0,0,1,0,0,0,1,1,0,1,0,1,1,1,1,0
1570,"1",0,1,1,0,0,1,0,0,0,1,1,0,1,0,1,1,1,1,0
1571,"0",0,1,1,0,0,1,0,0,0,1,1,0,1,0,1,1,1,1,0
1572,"1",1,0,0,1,1,1,1,1,1,0,0,1,0,1,0,0,0,0,1
1573,"1",1,0,0,1,1,1,1,1,1,0,0,1,0,1,0,0,0,0,1
1574,"0",1,0,0,1,1,1,1,1,1,0,0,1,0,1,0,0,0,0,1
1575,"0",1,0,0,1,1,1,1,1,1,0,0,1,0,1,0,0,0,0,1
1576,"0",1,0,0,1,1,1,1,1,1,0,0,1,0,1,0,0,0,0,1
1577,"0",1,0,0,1,1,1,1,1,1,0,0,1,0,1,0,0,0,0,1
1578,"1",1,0,0,1,1,1,1,1,1,0,0,1,0,1,0,0,0,0,1
1579,"0",1,0,0,1,1,1,1,1,1,0,0,1,0,1,0,0,0,0,1
1580,"0",0,1,1,0,0,1,0,0,0,1,1,0,1,0,1,1,1,1,0
1581,"1",0,1,1,0,0,1,0,0,0,1,1,0,1,0,1,1,1,1,0
1582,"0",0,1,1,0,0,1,0,0,0,1,1,0,1,0,1,1,1,1,0
1583,"0",1,0,0,1,1,1,1,1,1,0,0,1,0,1,0,0,0,0,1
1584,"1",0,1,1,0,0,1,0,0,0,1,1,0,1,0,1,1,1,1,0
1585,"1",1,0,0,1,1,1,1,1,1,0,0,1,0,1,0,0,0,0,1
1586,"0",0,1,1,0,0,1,0,0,0,1,1,0,1,0,1,1,1,1,0
1587,"0",1,0,0,1,1,1,1,1,1,0,0,1,0,1,0,0,0,0,1
1588,"0",1,0,0,1,1,1,1,1,1,0,0,1,0,1,0,0,0,0,1
1589,"0",1,0,0,1,1,1,1,1,1,0,0,1,0,1,0,0,0,0,1
1590,"1",1,0,0,1,1,1,1,1,1,0,0,1,0,1,0,0,0,0,1
1591,"0",0,1,1,0,0,1,0,0,0,1,1,0,1,0,1,1,1,1,0
1592,"1",0,1,1,0,0,1,0,0,0,1,1,0,1,0,1,1,1,1,0
1593,"1",1,0,0,1,1,1,1,1,1,0,0,1,0,1,0,0,0,0,1
1594,"1",0,1,1,0,0,1,0,0,0,1,1,0,1,0,1,1,1,1,0
1595,"1",1,0,0,1,1,1,1,1,1,0,0,1,0,1,0,0,0,0,1
1596,"0",0,1,1,0,0,1,0,0,0,1,1,0,1,0,1,1,1,1,0
1597,"0",0,1,1,0,0,1,0,0,0,1,1,0,1,0,1,1,1,1,0
1598,"0",0,1,1,0,0,1,0,0,0,1,1,0,1,0,1,1,1,1,0
1599,"1",1,0,0,1,1,1,1,1,1,0,0,1,0,1,0,0,0,0,1
1600,"1",0,1,1,0,0,1,0,0,0,1,1,0,1,0,1,1,1,1,0
1601,"0",0,1,1,0,0,1,0,0,0,1,1,0,1,0,1,1,1,1,0
1602,"0",0,1,1,0,0,1,0,0,0,1,1,0,1,0,1,1,1,1,0
1603,"1",0,1,1,0,0,1,0,0,0,1,1,0,1,0,1,1,1,1,0
1604,"0",1,0,0,1,1,1,1,1,1,0,0,1,0,1,0,0,0,0,1
1605,"0",1,0,0,1,1,1,1,1,1,0,0,1,0,1,0,0,0,0,1
1606,"0",1,0,0,1,1,1,1,1,1,0,0,1,0,1,0,0,0,0,1
1607,"1",0,1,1,0,0,1,0,0,0,1,1,0,1,0,1,1,1,1,0
1608,"1",1,0,0,1,1,1,1,1,1,0,0,1,0,1,0,0,0,0,1
1609,"0",1,0,0,1,1,1,1,1,1,0,0,1,0,1,0,0,0,0,1
1610,"0",0,1,1,0,0,1,0,0,0,1,1,0,1,0,1,1,1,1,0
1611,"1",0,1,1,0,0,1,0,0,0,1,1,0,1,0,1,1,1,1,0
1612,"1",0,1,1,0,0,1,0,0,0,1,1,0,1,0,1,1,1,1,0
1613,"0",1,0,0,1,1,1,1,1,1,0,0,1,0,1,0,0,0,0,1
1614,"0",0,1,1,0,0,1,0,0,0,1,1,0,1,0,1,1,1,1,0
1615,"0",0,1,1,0,0,1,0,0,0,1,1,0,1,0,1,1,1,1,0
1616,"0",0,1,1,0,0,1,0,0,0,1,1,0,1,0,1,1,1,1,0
1617,"0",1,0,0,1,1,1,1,1,1,0,0,1,0,1,0,0,0,0,1
1618,"1",1,0,0,1,1,1,1,1,1,0,0,1,0,1,0,0,0,0,1
1619,"0",1,0,0,1,1,1,1,1,1,0,0,1,0,1,0,0,0,0,1
1620,"0",0,1,1,0,0,1,0,0,0,1,1,0,1,0,1,1,1,1,0
1621,"0",1,0,0,1,1,1,1,1,1,0,0,1,0,1,0,0,0,0,1
1622,"1",1,0,0,1,1,1,1,1,1,0,0,1,0,1,0,0,0,0,1
1623,"1",0,1,1,0,0,1,0,0,0,1,1,0,1,0,1,1,1,1,0
1624,"0",1,0,0,1,1,1,1,1,1,0,0,1,0,1,0,0,0,0,1
1625,"0",0,1,1,0,0,1,0,0,0,1,1,0,1,0,1,1,1,1,0
1626,"0",1,0,0,1,1,1,1,1,1,0,0,1,0,1,0,0,0,0,1
1627,"0",1,0,0,1,1,1,1,1,1,0,0,1,0,1,0,0,0,0,1
1628,"1",1,0,0,1,1,1,1,1,1,0,0,1,0,1,0,0,0,0,1
1629,"0",0,1,1,0,0,1,0,0,0,1,1,0,1,0,1,1,1,1,0
1630,"1",0,1,1,0,0,1,0,0,0,1,1,0,1,0,1,1,1,1,0
1631,"0",0,1,1,0,0,1,0,0,0,1,1,0,1,0,1,1,1,1,0
1632,"1",0,1,1,0,0,1,0,0,0,1,1,0,1,0,1,1,1,1,0
1633,"0",1,0,0,1,1,1,1,1,1,0,0,1,0,1,0,0,0,0,1
1634,"1",1,0,0,1,1,1,1,1,1,0,0,1,0,1,0,0,0,0,1
1635,"0",1,0,0,1,1,1,1,1,1,0,0,1,0,1,0,0,0,0,1
1636,"0",1,0,0,1,1,1,1,1,1,0,0,1,0,1,0,0,0,0,1
1637,"1",1,0,0,1,1,1,1,1,1,0,0,1,0,1,0,0,0,0,1
1638,"1",0,1,1,0,0,1,0,0,0,1,1,0,1,0,1,1,1,1,0
1639,"0",1,0,0,1,1,1,1,1,1,0,0,1,0,1,0,0,0,0,1
1640,"1",0,1,1,0,0,1,0,0,0,1,1,0,1,0,1,1,1,1,0
1641,"1",0,1,1,0,0,1,0,0,0,1,1,0,1,0,1,1,1,1,0
1642,"0",1,0,0,1,1,1,1,1,1,0,0,1,0,1,0,0,0,0,1
1643,"0",0,1,1,0,0,1,0,0,0,1,1,0,1,0,1,1,1,1,0
1644,"1",0,1,1,0,0,1,0,0,0,1,1,0,1,0,1,1,1,1,0
1645,"1",0,1,1,0,0,1,0,0,0,1,1,0,1,0,1,1,1,1,0
1646,"0",0,1,1,0,0,1,0,0,0,1,1,0,1,0,1,1,1,1,0
1647,"1",1,0,0,1,1,1,1,1,1,0,0,1,0,1,0,0,0,0,1
1648,"1",1,0,0,1,1,1,1,1,1,0,0,1,0,1,0,0,0,0,1
1649,"1",1,0,0,1,1,1,1,1,1,0,0,1,0,1,0,0,0,0,1
1650,"1",1,0,0,1,1,1,1,1,1,0,0,1,0,1,0,0,0,0,1
1651,"0",0,1,1,0,0,1,0,0,0,1,1,0,1,0,1,1,1,1,0
1652,"1",0,1,1,0,0,1,0,0,0,1,1,0,1,0,1,1,1,1,0
1653,"1",0,1,1,0,0,1,0,0,0,1,1,0,1,0,1,1,1,1,0
1654,"0",0,1,1,0,0,1,0,0,0,1,1,0,1,0,1,1,1,1,0
1655,"1",1,0,0,1,1,1,1,1,1,0,0,1,0,1,0,0,0,0,1
1656,"1",1,0,0,1,1,1,1,1,1,0,0,1,0,1,0,0,0,0,1
1657,"1",1,0,0,1,1,1,1,1,1,0,0,1,0,1,0,0,0,0,1
1658,"0",1,0,0,1,1,1,1,1,1,0,0,1,0,1,0,0,0,0,1
1659,"0",1,0,0,1,1,1,1,1,1,0,0,1,0,1,0,0,0,0,1
1660,"0",0,1,1,0,0,1,0,0,0,1,1,0,1,0,1,1,1,1,0
1661,"0",1,0,0,1,1,1,1,1,1,0,0,1,0,1,0,0,0,0,1
1662,"1",1,0,0,1,1,1,1,1,1,0,0,1,0,1,0,0,0,0,1
1663,"0",1,0,0,1,1,1,1,1,1,0,0,1,0,1,0,0,0,0,1
1664,"0",1,0,0,1,1,1,1,1,1,0,0,1,0,1,0,0,0,0,1
1665,"1",1,0,0,1,1,1,1,1,1,0,0,1,0,1,0,0,0,0,1
1666,"1",0,1,1,0,0,1,0,0,0,1,1,0,1,0,1,1,1,1,0
1667,"0",0,1,1,0,0,1,0,0,0,1,1,0,1,0,1,1,1,1,0
1668,"1",0,1,1,0,0,1,0,0,0,1,1,0,1,0,1,1,1,1,0
1669,"1",0,1,1,0,0,1,0,0,0,1,1,0,1,0,1,1,1,1,0
1670,"0",1,0,0,1,1,1,1,1,1,0,0,1,0,1,0,0,0,0,1
1671,"0",0,1,1,0,0,1,0,0,0,1,1,0,1,0,1,1,1,1,0
1672,"1",0,1,1,0,0,1,0,0,0,1,1,0,1,0,1,1,1,1,0
1673,"1",1,0,0,1,1,1,1,1,1,0,0,1,0,1,0,0,0,0,1
1674,"0",0,1,1,0,0,1,0,0,0,1,1,0,1,0,1,1,1,1,0
1675,"1",1,0,0,1,1,1,1,1,1,0,0,1,0,1,0,0,0,0,1
1676,"1",1,0,0,1,1,1,1,1,1,0,0,1,0,1,0,0,0,0,1
1677,"0",1,0,0,1,1,1,1,1,1,0,0,1,0,1,0,0,0,0,1
1678,"1",1,0,0,1,1,1,1,1,1,0,0,1,0,1,0,0,0,0,1
1679,"1",0,1,1,0,0,1,0,0,0,1,1,0,1,0,1,1,1,1,0
1680,"1",1,0,0,1,1,1,1,1,1,0,0,1,0,1,0,0,0,0,1
1681,"0",1,0,0,1,1,1,1,1,1,0,0,1,0,1,0,0,0,0,1
1682,"0",0,1,1,0,0,1,0,0,0,1,1,0,1,0,1,1,1,1,0
1683,"0",0,1,1,0,0,1,0,0,0,1,1,0,1,0,1,1,1,1,0
1684,"0",0,1,1,0,0,1,0,0,0,1,1,0,1,0,1,1,1,1,0
1685,"0",0,1,1,0,0,1,0,0,0,1,1,0,1,0,1,1,1,1,0
1686,"0",1,0,0,1,1,1,1,1,1,0,0,1,0,1,0,0,0,0,1
1687,"0",1,0,0,1,1,1,1,1,1,0,0,1,0,1,0,0,0,0,1
1688,"0",1,0,0,1,1,1,1,1,1,0,0,1,0,1,0,0,0,0,1
1689,"0",0,1,1,0,0,1,0,0,0,1,1,0,1,0,1,1,1,1,0
1690,"1",0,1,1,0,0,1,0,0,0,1,1,0,1,0,1,1,1,1,0
1691,"0",0,1,1,0,0,1,0,0,0,1,1,0,1,0,1,1,1,1,0
1692,"0",0,1,1,0,0,1,0,0,0,1,1,0,1,0,1,1,1,1,0
1693,"0",1,0,0,1,1,1,1,1,1,0,0,1,0,1,0,0,0,0,1
1694,"1",0,1,1,0,0,1,0,0,0,1,1,0,1,0,1,1,1,1,0
1695,"1",0,1,1,0,0,1,0,0,0,1,1,0,1,0,1,1,1,1,0
1696,"0",0,1,1,0,0,1,0,0,0,1,1,0,1,0,1,1,1,1,0
1697,"0",0,1,1,0,0,1,0,0,0,1,1,0,1,0,1,1,1,1,0
1698,"0",1,0,0,1,1,1,1,1,1,0,0,1,0,1,0,0,0,0,1
1699,"1",0,1,1,0,0,1,0,0,0,1,1,0,1,0,1,1,1,1,0
1700,"0",1,0,0,1,1,1,1,1,1,0,0,1,0,1,0,0,0,0,1
1701,"0",1,0,0,1,1,1,1,1,1,0,0,1,0,1,0,0,0,0,1
1702,"1",0,1,1,0,0,1,0,0,0,1,1,0,1,0,1,1,1,1,0
1703,"0",1,0,0,1,1,1,1,1,1,0,0,1,0,1,0,0,0,0,1
1704,"1",0,1,1,0,0,1,0,0,0,1,1,0,1,0,1,1,1,1,0
1705,"1",1,0,0,1,1,1,1,1,1,0,0,1,0,1,0,0,0,0,1
1706,"0",1,0,0,1,1,1,1,1,1,0,0,1,0,1,0,0,0,0,1
1707,"1",1,0,0,1,1,1,1,1,1,0,0,1,0,1,0,0,0,0,1
1708,"1",1,0,0,1,1,1,1,1,1,0,0,1,0,1,0,0,0,0,1
1709,"0",1,0,0,1,1,1,1,1,1,0,0,1,0,1,0,0,0,0,1
1710,"0",0,1,1,0,0,1,0,0,0,1,1,0,1,0,1,1,1,1,0
1711,"0",0,1,1,0,0,1,0,0,0,1,1,0,1,0,1,1,1,1,0
1712,"0",1,0,0,1,1,1,1,1,1,0,0,1,0,1,0,0,0,0,1
1713,"1",0,1,1,0,0,1,0,0,0,1,1,0,1,0,1,1,1,1,0
1714,"1",0,1,1,0,0,1,0,0,0,1,1,0,1,0,1,1,1,1,0
1715,"0",0,1,1,0,0,1,0,0,0,1,1,0,1,0,1,1,1,1,0
1716,"1",1,0,0,1,1,1,1,1,1,0,0,1,0,1,0,0,0,0,1
1717,"0",0,1,1,0,0,1,0,0,0,1,1,0,1,0,1,1,1,1,0
1718,"1",0,1,1,0,0,1,0,0,0,1,1,0,1,0,1,1,1,1,0
1719,"1",0,1,1,0,0,1,0,0,0,1,1,0,1,0,1,1,1,1,0
1720,"0",1,0,0,1,1,1,1,1,1,0,0,1,0,1,0,0,0,0,1
1721,"1",1,0,0,1,1,1,1,1,1,0,0,1,0,1,0,0,0,0,1
1722,"0",1,0,0,1,1,1,1,1,1,0,0,1,0,1,0,0,0,0,1
1723,"1",1,0,0,1,1,1,1,1,1,0,0,1,0,1,0,0,0,0,1
1724,"0",1,0,0,1,1,1,1,1,1,0,0,1,0,1,0,0,0,0,1
1725,"1",0,1,1,0,0,1,0,0,0,1,1,0,1,0,1,1,1,1,0
1726,"0",0,1,1,0,0,1,0,0,0,1,1,0,1,0,1,1,1,1,0
1727,"0",1,0,0,1,1,1,1,1,1,0,0,1,0,1,0,0,0,0,1
1728,"0",1,0,0,1,1,1,1,1,1,0,0,1,0,1,0,0,0,0,1
1729,"0",1,0,0,1,1,1,1,1,1,0,0,1,0,1,0,0,0,0,1
1730,"1",0,1,1,0,0,1,0,0,0,1,1,0,1,0,1,1,1,1,0
1731,"0",1,0,0,1,1,1,1,1,1,0,0,1,0,1,0,0,0,0,1
1732,"0",1,0,0,1,1,1,1,1,1,0,0,1,0,1,0,0,0,0,1
1733,"0",0,1,1,0,0,1,0,0,0,1,1,0,1,0,1,1,1,1,0
1734,"1",0,1,1,0,0,1,0,0,0,1,1,0,1,0,1,1,1,1,0
1735,"1",1,0,0,1,1,1,1,1,1,0,0,1,0,1,0,0,0,0,1
1736,"0",1,0,0,1,1,1,1,1,1,0,0,1,0,1,0,0,0,0,1
1737,"1",0,1,1,0,0,1,0,0,0,1,1,0,1,0,1,1,1,1,0
1738,"0",1,0,0,1,1,1,1,1,1,0,0,1,0,1,0,0,0,0,1
1739,"1",0,1,1,0,0,1,0,0,0,1,1,0,1,0,1,1,1,1,0
1740,"1",1,0,0,1,1,1,1,1,1,0,0,1,0,1,0,0,0,0,1
1741,"1",0,1,1,0,0,1,0,0,0,1,1,0,1,0,1,1,1,1,0
1742,"1",1,0,0,1,1,1,1,1,1,0,0,1,0,1,0,0,0,0,1
1743,"0",1,0,0,1,1,1,1,1,1,0,0,1,0,1,0,0,0,0,1
1744,"0",0,1,1,0,0,1,0,0,0,1,1,0,1,0,1,1,1,1,0
1745,"1",1,0,0,1,1,1,1,1,1,0,0,1,0,1,0,0,0,0,1
1746,"0",0,1,1,0,0,1,0,0,0,1,1,0,1,0,1,1,1,1,0
1747,"1",1,0,0,1,1,1,1,1,1,0,0,1,0,1,0,0,0,0,1
1748,"1",1,0,0,1,1,1,1,1,1,0,0,1,0,1,0,0,0,0,1
1749,"1",0,1,1,0,0,1,0,0,0,1,1,0,1,0,1,1,1,1,0
1750,"1",0,1,1,0,0,1,0,0,0,1,1,0,1,0,1,1,1,1,0
1751,"1",1,0,0,1,1,1,1,1,1,0,0,1,0,1,0,0,0,0,1
1752,"0",0,1,1,0,0,1,0,0,0,1,1,0,1,0,1,1,1,1,0
1753,"1",0,1,1,0,0,1,0,0,0,1,1,0,1,0,1,1,1,1,0
1754,"0",0,1,1,0,0,1,0,0,0,1,1,0,1,0,1,1,1,1,0
1755,"0",1,0,0,1,1,1,1,1,1,0,0,1,0,1,0,0,0,0,1
1756,"0",0,1,1,0,0,1,0,0,0,1,1,0,1,0,1,1,1,1,0
1757,"0",1,0,0,1,1,1,1,1,1,0,0,1,0,1,0,0,0,0,1
1758,"0",1,0,0,1,1,1,1,1,1,0,0,1,0,1,0,0,0,0,1
1759,"0",1,0,0,1,1,1,1,1,1,0,0,1,0,1,0,0,0,0,1
1760,"0",0,1,1,0,0,1,0,0,0,1,1,0,1,0,1,1,1,1,0
1761,"0",1,0,0,1,1,1,1,1,1,0,0,1,0,1,0,0,0,0,1
1762,"0",1,0,0,1,1,1,1,1,1,0,0,1,0,1,0,0,0,0,1
1763,"0",0,1,1,0,0,1,0,0,0,1,1,0,1,0,1,1,1,1,0
1764,"1",1,0,0,1,1,1,1,1,1,0,0,1,0,1,0,0,0,0,1
1765,"1",0,1,1,0,0,1,0,0,0,1,1,0,1,0,1,1,1,1,0
1766,"1",1,0,0,1,1,1,1,1,1,0,0,1,0,1,0,0,0,0,1
1767,"0",0,1,1,0,0,1,0,0,0,1,1,0,1,0,1,1,1,1,0
1768,"0",1,0,0,1,1,1,1,1,1,0,0,1,0,1,0,0,0,0,1
1769,"1",1,0,0,1,1,1,1,1,1,0,0,1,0,1,0,0,0,0,1
1770,"0",0,1,1,0,0,1,0,0,0,1,1,0,1,0,1,1,1,1,0
1771,"1",0,1,1,0,0,1,0,0,0,1,1,0,1,0,1,1,1,1,0
1772,"0",1,0,0,1,1,1,1,1,1,0,0,1,0,1,0,0,0,0,1
1773,"1",1,0,0,1,1,1,1,1,1,0,0,1,0,1,0,0,0,0,1
1774,"0",0,1,1,0,0,1,0,0,0,1,1,0,1,0,1,1,1,1,0
1775,"1",0,1,1,0,0,1,0,0,0,1,1,0,1,0,1,1,1,1,0
1776,"1",1,0,0,1,1,1,1,1,1,0,0,1,0,1,0,0,0,0,1
1777,"1",1,0,0,1,1,1,1,1,1,0,0,1,0,1,0,0,0,0,1
1778,"0",1,0,0,1,1,1,1,1,1,0,0,1,0,1,0,0,0,0,1
1779,"0",0,1,1,0,0,1,0,0,0,1,1,0,1,0,1,1,1,1,0
1780,"0",0,1,1,0,0,1,0,0,0,1,1,0,1,0,1,1,1,1,0
1781,"1",1,0,0,1,1,1,1,1,1,0,0,1,0,1,0,0,0,0,1
1782,"0",1,0,0,1,1,1,1,1,1,0,0,1,0,1,0,0,0,0,1
1783,"1",0,1,1,0,0,1,0,0,0,1,1,0,1,0,1,1,1,1,0
1784,"1",0,1,1,0,0,1,0,0,0,1,1,0,1,0,1,1,1,1,0
1785,"1",0,1,1,0,0,1,0,0,0,1,1,0,1,0,1,1,1,1,0
1786,"1",0,1,1,0,0,1,0,0,0,1,1,0,1,0,1,1,1,1,0
1787,"1",0,1,1,0,0,1,0,0,0,1,1,0,1,0,1,1,1,1,0
1788,"1",1,0,0,1,1,1,1,1,1,0,0,1,0,1,0,0,0,0,1
1789,"0",0,1,1,0,0,1,0,0,0,1,1,0,1,0,1,1,1,1,0
1790,"0",1,0,0,1,1,1,1,1,1,0,0,1,0,1,0,0,0,0,1
1791,"1",0,1,1,0,0,1,0,0,0,1,1,0,1,0,1,1,1,1,0
1792,"1",0,1,1,0,0,1,0,0,0,1,1,0,1,0,1,1,1,1,0
1793,"0",1,0,0,1,1,1,1,1,1,0,0,1,0,1,0,0,0,0,1
1794,"0",1,0,0,1,1,1,1,1,1,0,0,1,0,1,0,0,0,0,1
1795,"1",0,1,1,0,0,1,0,0,0,1,1,0,1,0,1,1,1,1,0
1796,"1",1,0,0,1,1,1,1,1,1,0,0,1,0,1,0,0,0,0,1
1797,"0",1,0,0,1,1,1,1,1,1,0,0,1,0,1,0,0,0,0,1
1798,"1",1,0,0,1,1,1,1,1,1,0,0,1,0,1,0,0,0,0,1
1799,"1",0,1,1,0,0,1,0,0,0,1,1,0,1,0,1,1,1,1,0
1800,"1",0,1,1,0,0,1,0,0,0,1,1,0,1,0,1,1,1,1,0
1801,"0",0,1,1,0,0,1,0,0,0,1,1,0,1,0,1,1,1,1,0
1802,"1",1,0,0,1,1,1,1,1,1,0,0,1,0,1,0,0,0,0,1
1803,"0",0,1,1,0,0,1,0,0,0,1,1,0,1,0,1,1,1,1,0
1804,"0",1,0,0,1,1,1,1,1,1,0,0,1,0,1,0,0,0,0,1
1805,"0",0,1,1,0,0,1,0,0,0,1,1,0,1,0,1,1,1,1,0
1806,"0",0,1,1,0,0,1,0,0,0,1,1,0,1,0,1,1,1,1,0
1807,"1",0,1,1,0,0,1,0,0,0,1,1,0,1,0,1,1,1,1,0
1808,"0",0,1,1,0,0,1,0,0,0,1,1,0,1,0,1,1,1,1,0
1809,"1",1,0,0,1,1,1,1,1,1,0,0,1,0,1,0,0,0,0,1
1810,"1",1,0,0,1,1,1,1,1,1,0,0,1,0,1,0,0,0,0,1
1811,"0",0,1,1,0,0,1,0,0,0,1,1,0,1,0,1,1,1,1,0
1812,"0",0,1,1,0,0,1,0,0,0,1,1,0,1,0,1,1,1,1,0
1813,"1",1,0,0,1,1,1,1,1,1,0,0,1,0,1,0,0,0,0,1
1814,"1",0,1,1,0,0,1,0,0,0,1,1,0,1,0,1,1,1,1,0
1815,"0",0,1,1,0,0,1,0,0,0,1,1,0,1,0,1,1,1,1,0
1816,"0",1,0,0,1,1,1,1,1,1,0,0,1,0,1,0,0,0,0,1
1817,"0",1,0,0,1,1,1,1,1,1,0,0,1,0,1,0,0,0,0,1
1818,"0",1,0,0,1,1,1,1,1,1,0,0,1,0,1,0,0,0,0,1
1819,"1",1,0,0,1,1,1,1,1,1,0,0,1,0,1,0,0,0,0,1
1820,"0",0,1,1,0,0,1,0,0,0,1,1,0,1,0,1,1,1,1,0
1821,"1",1,0,0,1,1,1,1,1,1,0,0,1,0,1,0,0,0,0,1
1822,"0",1,0,0,1,1,1,1,1,1,0,0,1,0,1,0,0,0,0,1
1823,"1",1,0,0,1,1,1,1,1,1,0,0,1,0,1,0,0,0,0,1
1824,"1",1,0,0,1,1,1,1,1,1,0,0,1,0,1,0,0,0,0,1
1825,"0",1,0,0,1,1,1,1,1,1,0,0,1,0,1,0,0,0,0,1
1826,"1",0,1,1,0,0,1,0,0,0,1,1,0,1,0,1,1,1,1,0
1827,"0",1,0,0,1,1,1,1,1,1,0,0,1,0,1,0,0,0,0,1
1828,"1",1,0,0,1,1,1,1,1,1,0,0,1,0,1,0,0,0,0,1
1829,"1",1,0,0,1,1,1,1,1,1,0,0,1,0,1,0,0,0,0,1
1830,"1",0,1,1,0,0,1,0,0,0,1,1,0,1,0,1,1,1,1,0
1831,"1",0,1,1,0,0,1,0,0,0,1,1,0,1,0,1,1,1,1,0
1832,"1",1,0,0,1,1,1,1,1,1,0,0,1,0,1,0,0,0,0,1
1833,"1",1,0,0,1,1,1,1,1,1,0,0,1,0,1,0,0,0,0,1
1834,"1",0,1,1,0,0,1,0,0,0,1,1,0,1,0,1,1,1,1,0
1835,"0",1,0,0,1,1,1,1,1,1,0,0,1,0,1,0,0,0,0,1
1836,"1",1,0,0,1,1,1,1,1,1,0,0,1,0,1,0,0,0,0,1
1837,"0",0,1,1,0,0,1,0,0,0,1,1,0,1,0,1,1,1,1,0
1838,"0",1,0,0,1,1,1,1,1,1,0,0,1,0,1,0,0,0,0,1
1839,"1",1,0,0,1,1,1,1,1,1,0,0,1,0,1,0,0,0,0,1
1840,"0",0,1,1,0,0,1,0,0,0,1,1,0,1,0,1,1,1,1,0
1841,"0",0,1,1,0,0,1,0,0,0,1,1,0,1,0,1,1,1,1,0
1842,"1",0,1,1,0,0,1,0,0,0,1,1,0,1,0,1,1,1,1,0
1843,"1",1,0,0,1,1,1,1,1,1,0,0,1,0,1,0,0,0,0,1
1844,"0",0,1,1,0,0,1,0,0,0,1,1,0,1,0,1,1,1,1,0
1845,"1",0,1,1,0,0,1,0,0,0,1,1,0,1,0,1,1,1,1,0
1846,"0",1,0,0,1,1,1,1,1,1,0,0,1,0,1,0,0,0,0,1
1847,"0",1,0,0,1,1,1,1,1,1,0,0,1,0,1,0,0,0,0,1
1848,"1",1,0,0,1,1,1,1,1,1,0,0,1,0,1,0,0,0,0,1
1849,"0",0,1,1,0,0,1,0,0,0,1,1,0,1,0,1,1,1,1,0
1850,"1",1,0,0,1,1,1,1,1,1,0,0,1,0,1,0,0,0,0,1
1851,"0",1,0,0,1,1,1,1,1,1,0,0,1,0,1,0,0,0,0,1
1852,"1",1,0,0,1,1,1,1,1,1,0,0,1,0,1,0,0,0,0,1
1853,"1",1,0,0,1,1,1,1,1,1,0,0,1,0,1,0,0,0,0,1
1854,"0",1,0,0,1,1,1,1,1,1,0,0,1,0,1,0,0,0,0,1
1855,"0",1,0,0,1,1,1,1,1,1,0,0,1,0,1,0,0,0,0,1
1856,"0",1,0,0,1,1,1,1,1,1,0,0,1,0,1,0,0,0,0,1
1857,"0",1,0,0,1,1,1,1,1,1,0,0,1,0,1,0,0,0,0,1
1858,"0",1,0,0,1,1,1,1,1,1,0,0,1,0,1,0,0,0,0,1
1859,"0",0,1,1,0,0,1,0,0,0,1,1,0,1,0,1,1,1,1,0
1860,"0",1,0,0,1,1,1,1,1,1,0,0,1,0,1,0,0,0,0,1
1861,"1",1,0,0,1,1,1,1,1,1,0,0,1,0,1,0,0,0,0,1
1862,"0",0,1,1,0,0,1,0,0,0,1,1,0,1,0,1,1,1,1,0
1863,"1",0,1,1,0,0,1,0,0,0,1,1,0,1,0,1,1,1,1,0
1864,"0",0,1,1,0,0,1,0,0,0,1,1,0,1,0,1,1,1,1,0
1865,"1",1,0,0,1,1,1,1,1,1,0,0,1,0,1,0,0,0,0,1
1866,"0",1,0,0,1,1,1,1,1,1,0,0,1,0,1,0,0,0,0,1
1867,"0",0,1,1,0,0,1,0,0,0,1,1,0,1,0,1,1,1,1,0
1868,"1",0,1,1,0,0,1,0,0,0,1,1,0,1,0,1,1,1,1,0
1869,"1",0,1,1,0,0,1,0,0,0,1,1,0,1,0,1,1,1,1,0
1870,"0",1,0,0,1,1,1,1,1,1,0,0,1,0,1,0,0,0,0,1
1871,"0",1,0,0,1,1,1,1,1,1,0,0,1,0,1,0,0,0,0,1
1872,"1",1,0,0,1,1,1,1,1,1,0,0,1,0,1,0,0,0,0,1
1873,"1",0,1,1,0,0,1,0,0,0,1,1,0,1,0,1,1,1,1,0
1874,"0",0,1,1,0,0,1,0,0,0,1,1,0,1,0,1,1,1,1,0
1875,"0",1,0,0,1,1,1,1,1,1,0,0,1,0,1,0,0,0,0,1
1876,"0",1,0,0,1,1,1,1,1,1,0,0,1,0,1,0,0,0,0,1
1877,"0",0,1,1,0,0,1,0,0,0,1,1,0,1,0,1,1,1,1,0
1878,"1",1,0,0,1,1,1,1,1,1,0,0,1,0,1,0,0,0,0,1
1879,"1",0,1,1,0,0,1,0,0,0,1,1,0,1,0,1,1,1,1,0
1880,"0",1,0,0,1,1,1,1,1,1,0,0,1,0,1,0,0,0,0,1
1881,"1",1,0,0,1,1,1,1,1,1,0,0,1,0,1,0,0,0,0,1
1882,"0",1,0,0,1,1,1,1,1,1,0,0,1,0,1,0,0,0,0,1
1883,"1",1,0,0,1,1,1,1,1,1,0,0,1,0,1,0,0,0,0,1
1884,"1",0,1,1,0,0,1,0,0,0,1,1,0,1,0,1,1,1,1,0
1885,"0",1,0,0,1,1,1,1,1,1,0,0,1,0,1,0,0,0,0,1
1886,"1",1,0,0,1,1,1,1,1,1,0,0,1,0,1,0,0,0,0,1
1887,"1",0,1,1,0,0,1,0,0,0,1,1,0,1,0,1,1,1,1,0
1888,"1",1,0,0,1,1,1,1,1,1,0,0,1,0,1,0,0,0,0,1
1889,"1",1,0,0,1,1,1,1,1,1,0,0,1,0,1,0,0,0,0,1
1890,"1",0,1,1,0,0,1,0,0,0,1,1,0,1,0,1,1,1,1,0
1891,"0",1,0,0,1,1,1,1,1,1,0,0,1,0,1,0,0,0,0,1
1892,"0",1,0,0,1,1,1,1,1,1,0,0,1,0,1,0,0,0,0,1
1893,"0",1,0,0,1,1,1,1,1,1,0,0,1,0,1,0,0,0,0,1
1894,"0",1,0,0,1,1,1,1,1,1,0,0,1,0,1,0,0,0,0,1
1895,"1",1,0,0,1,1,1,1,1,1,0,0,1,0,1,0,0,0,0,1
1896,"0",1,0,0,1,1,1,1,1,1,0,0,1,0,1,0,0,0,0,1
1897,"0",1,0,0,1,1,1,1,1,1,0,0,1,0,1,0,0,0,0,1
1898,"1",1,0,0,1,1,1,1,1,1,0,0,1,0,1,0,0,0,0,1
1899,"0",1,0,0,1,1,1,1,1,1,0,0,1,0,1,0,0,0,0,1
1900,"1",0,1,1,0,0,1,0,0,0,1,1,0,1,0,1,1,1,1,0
1901,"0",0,1,1,0,0,1,0,0,0,1,1,0,1,0,1,1,1,1,0
1902,"1",0,1,1,0,0,1,0,0,0,1,1,0,1,0,1,1,1,1,0
1903,"1",0,1,1,0,0,1,0,0,0,1,1,0,1,0,1,1,1,1,0
1904,"0",0,1,1,0,0,1,0,0,0,1,1,0,1,0,1,1,1,1,0
1905,"0",0,1,1,0,0,1,0,0,0,1,1,0,1,0,1,1,1,1,0
1906,"1",1,0,0,1,1,1,1,1,1,0,0,1,0,1,0,0,0,0,1
1907,"1",0,1,1,0,0,1,0,0,0,1,1,0,1,0,1,1,1,1,0
1908,"0",1,0,0,1,1,1,1,1,1,0,0,1,0,1,0,0,0,0,1
1909,"0",1,0,0,1,1,1,1,1,1,0,0,1,0,1,0,0,0,0,1
1910,"0",1,0,0,1,1,1,1,1,1,0,0,1,0,1,0,0,0,0,1
1911,"1",1,0,0,1,1,1,1,1,1,0,0,1,0,1,0,0,0,0,1
1912,"0",0,1,1,0,0,1,0,0,0,1,1,0,1,0,1,1,1,1,0
1913,"0",1,0,0,1,1,1,1,1,1,0,0,1,0,1,0,0,0,0,1
1914,"1",1,0,0,1,1,1,1,1,1,0,0,1,0,1,0,0,0,0,1
1915,"0",1,0,0,1,1,1,1,1,1,0,0,1,0,1,0,0,0,0,1
1916,"1",0,1,1,0,0,1,0,0,0,1,1,0,1,0,1,1,1,1,0
1917,"0",1,0,0,1,1,1,1,1,1,0,0,1,0,1,0,0,0,0,1
1918,"0",0,1,1,0,0,1,0,0,0,1,1,0,1,0,1,1,1,1,0
1919,"0",0,1,1,0,0,1,0,0,0,1,1,0,1,0,1,1,1,1,0
1920,"1",1,0,0,1,1,1,1,1,1,0,0,1,0,1,0,0,0,0,1
1921,"1",0,1,1,0,0,1,0,0,0,1,1,0,1,0,1,1,1,1,0
1922,"1",1,0,0,1,1,1,1,1,1,0,0,1,0,1,0,0,0,0,1
1923,"0",1,0,0,1,1,1,1,1,1,0,0,1,0,1,0,0,0,0,1
1924,"1",0,1,1,0,0,1,0,0,0,1,1,0,1,0,1,1,1,1,0
1925,"0",1,0,0,1,1,1,1,1,1,0,0,1,0,1,0,0,0,0,1
1926,"1",0,1,1,0,0,1,0,0,0,1,1,0,1,0,1,1,1,1,0
1927,"1",0,1,1,0,0,1,0,0,0,1,1,0,1,0,1,1,1,1,0
1928,"0",0,1,1,0,0,1,0,0,0,1,1,0,1,0,1,1,1,1,0
1929,"0",1,0,0,1,1,1,1,1,1,0,0,1,0,1,0,0,0,0,1
1930,"1",0,1,1,0,0,1,0,0,0,1,1,0,1,0,1,1,1,1,0
1931,"1",0,1,1,0,0,1,0,0,0,1,1,0,1,0,1,1,1,1,0
1932,"1",1,0,0,1,1,1,1,1,1,0,0,1,0,1,0,0,0,0,1
1933,"0",0,1,1,0,0,1,0,0,0,1,1,0,1,0,1,1,1,1,0
1934,"1",1,0,0,1,1,1,1,1,1,0,0,1,0,1,0,0,0,0,1
1935,"1",1,0,0,1,1,1,1,1,1,0,0,1,0,1,0,0,0,0,1
1936,"0",0,1,1,0,0,1,0,0,0,1,1,0,1,0,1,1,1,1,0
1937,"0",1,0,0,1,1,1,1,1,1,0,0,1,0,1,0,0,0,0,1
1938,"1",1,0,0,1,1,1,1,1,1,0,0,1,0,1,0,0,0,0,1
1939,"0",0,1,1,0,0,1,0,0,0,1,1,0,1,0,1,1,1,1,0
1940,"1",0,1,1,0,0,1,0,0,0,1,1,0,1,0,1,1,1,1,0
1941,"0",1,0,0,1,1,1,1,1,1,0,0,1,0,1,0,0,0,0,1
1942,"0",1,0,0,1,1,1,1,1,1,0,0,1,0,1,0,0,0,0,1
1943,"0",0,1,1,0,0,1,0,0,0,1,1,0,1,0,1,1,1,1,0
1944,"0",0,1,1,0,0,1,0,0,0,1,1,0,1,0,1,1,1,1,0
1945,"0",1,0,0,1,1,1,1,1,1,0,0,1,0,1,0,0,0,0,1
1946,"1",0,1,1,0,0,1,0,0,0,1,1,0,1,0,1,1,1,1,0
1947,"0",1,0,0,1,1,1,1,1,1,0,0,1,0,1,0,0,0,0,1
1948,"0",0,1,1,0,0,1,0,0,0,1,1,0,1,0,1,1,1,1,0
1949,"0",0,1,1,0,0,1,0,0,0,1,1,0,1,0,1,1,1,1,0
1950,"1",1,0,0,1,1,1,1,1,1,0,0,1,0,1,0,0,0,0,1
1951,"1",0,1,1,0,0,1,0,0,0,1,1,0,1,0,1,1,1,1,0
1952,"1",1,0,0,1,1,1,1,1,1,0,0,1,0,1,0,0,0,0,1
1953,"0",1,0,0,1,1,1,1,1,1,0,0,1,0,1,0,0,0,0,1
1954,"0",0,1,1,0,0,1,0,0,0,1,1,0,1,0,1,1,1,1,0
1955,"0",0,1,1,0,0,1,0,0,0,1,1,0,1,0,1,1,1,1,0
1956,"0",0,1,1,0,0,1,0,0,0,1,1,0,1,0,1,1,1,1,0
1957,"0",0,1,1,0,0,1,0,0,0,1,1,0,1,0,1,1,1,1,0
1958,"1",1,0,0,1,1,1,1,1,1,0,0,1,0,1,0,0,0,0,1
1959,"1",0,1,1,0,0,1,0,0,0,1,1,0,1,0,1,1,1,1,0
1960,"0",0,1,1,0,0,1,0,0,0,1,1,0,1,0,1,1,1,1,0
1961,"0",0,1,1,0,0,1,0,0,0,1,1,0,1,0,1,1,1,1,0
1962,"1",1,0,0,1,1,1,1,1,1,0,0,1,0,1,0,0,0,0,1
1963,"1",1,0,0,1,1,1,1,1,1,0,0,1,0,1,0,0,0,0,1
1964,"1",1,0,0,1,1,1,1,1,1,0,0,1,0,1,0,0,0,0,1
1965,"0",1,0,0,1,1,1,1,1,1,0,0,1,0,1,0,0,0,0,1
1966,"0",1,0,0,1,1,1,1,1,1,0,0,1,0,1,0,0,0,0,1
1967,"0",1,0,0,1,1,1,1,1,1,0,0,1,0,1,0,0,0,0,1
1968,"0",1,0,0,1,1,1,1,1,1,0,0,1,0,1,0,0,0,0,1
1969,"0",1,0,0,1,1,1,1,1,1,0,0,1,0,1,0,0,0,0,1
1970,"1",1,0,0,1,1,1,1,1,1,0,0,1,0,1,0,0,0,0,1
1971,"0",0,1,1,0,0,1,0,0,0,1,1,0,1,0,1,1,1,1,0
1972,"1",0,1,1,0,0,1,0,0,0,1,1,0,1,0,1,1,1,1,0
1973,"1",1,0,0,1,1,1,1,1,1,0,0,1,0,1,0,0,0,0,1
1974,"1",1,0,0,1,1,1,1,1,1,0,0,1,0,1,0,0,0,0,1
1975,"1",1,0,0,1,1,1,1,1,1,0,0,1,0,1,0,0,0,0,1
1976,"1",0,1,1,0,0,1,0,0,0,1,1,0,1,0,1,1,1,1,0
1977,"1",1,0,0,1,1,1,1,1,1,0,0,1,0,1,0,0,0,0,1
1978,"1",0,1,1,0,0,1,0,0,0,1,1,0,1,0,1,1,1,1,0
1979,"1",0,1,1,0,0,1,0,0,0,1,1,0,1,0,1,1,1,1,0
1980,"1",1,0,0,1,1,1,1,1,1,0,0,1,0,1,0,0,0,0,1
1981,"1",1,0,0,1,1,1,1,1,1,0,0,1,0,1,0,0,0,0,1
1982,"0",1,0,0,1,1,1,1,1,1,0,0,1,0,1,0,0,0,0,1
1983,"1",0,1,1,0,0,1,0,0,0,1,1,0,1,0,1,1,1,1,0
1984,"1",0,1,1,0,0,1,0,0,0,1,1,0,1,0,1,1,1,1,0
1985,"0",1,0,0,1,1,1,1,1,1,0,0,1,0,1,0,0,0,0,1
1986,"0",0,1,1,0,0,1,0,0,0,1,1,0,1,0,1,1,1,1,0
1987,"0",1,0,0,1,1,1,1,1,1,0,0,1,0,1,0,0,0,0,1
1988,"0",0,1,1,0,0,1,0,0,0,1,1,0,1,0,1,1,1,1,0
1989,"0",1,0,0,1,1,1,1,1,1,0,0,1,0,1,0,0,0,0,1
1990,"1",0,1,1,0,0,1,0,0,0,1,1,0,1,0,1,1,1,1,0
1991,"1",0,1,1,0,0,1,0,0,0,1,1,0,1,0,1,1,1,1,0
1992,"0",1,0,0,1,1,1,1,1,1,0,0,1,0,1,0,0,0,0,1
1993,"1",1,0,0,1,1,1,1,1,1,0,0,1,0,1,0,0,0,0,1
1994,"0",1,0,0,1,1,1,1,1,1,0,0,1,0,1,0,0,0,0,1
1995,"0",1,0,0,1,1,1,1,1,1,0,0,1,0,1,0,0,0,0,1
1996,"0",0,1,1,0,0,1,0,0,0,1,1,0,1,0,1,1,1,1,0
1997,"0",0,1,1,0,0,1,0,0,0,1,1,0,1,0,1,1,1,1,0
1998,"1",1,0,0,1,1,1,1,1,1,0,0,1,0,1,0,0,0,0,1
1999,"0",0,1,1,0,0,1,0,0,0,1,1,0,1,0,1,1,1,1,0
2000,"1",1,0,0,1,1,1,1,1,1,0,0,1,0,1,0,0,0,0,1
