"document","label","term_ back","term_ government","term_ news","term_ people","term_ photos","term_ play","term_ police","term_ season","term_ state","term_ states","term_ team","term_ time","term_ told","term_ trump","term_ week","term_ yards","term_ years","term_game","term_president"
1,"1",0,1,1,1,0,0,1,0,1,1,0,0,1,1,0,0,1,0,1
2,"1",1,0,1,0,1,1,0,1,0,0,1,1,0,0,1,1,0,1,0
3,"1",0,1,1,1,0,0,1,0,1,1,0,0,1,1,0,0,1,0,1
4,"1",0,1,1,1,0,0,1,0,1,1,0,0,1,1,0,0,1,0,1
5,"1",0,1,1,1,0,0,1,0,1,1,0,0,1,1,0,0,1,0,1
6,"0",1,0,1,0,1,1,0,1,0,0,1,1,0,0,1,1,0,1,0
7,"1",0,1,1,1,0,0,1,0,1,1,0,0,1,1,0,0,1,0,1
8,"1",0,1,1,1,0,0,1,0,1,1,0,0,1,1,0,0,1,0,1
9,"1",0,1,1,1,0,0,1,0,1,1,0,0,1,1,0,0,1,0,1
10,"1",0,1,1,1,0,0,1,0,1,1,0,0,1,1,0,0,1,0,1
11,"0",0,1,1,1,0,0,1,0,1,1,0,0,1,1,0,0,1,0,1
12,"0",1,0,1,0,1,1,0,1,0,0,1,1,0,0,1,1,0,1,0
13,"0",1,0,1,0,1,1,0,1,0,0,1,1,0,0,1,1,0,1,0
14,"1",0,1,1,1,0,0,1,0,1,1,0,0,1,1,0,0,1,0,1
15,"0",1,0,1,0,1,1,0,1,0,0,1,1,0,0,1,1,0,1,0
16,"1",0,1,1,1,0,0,1,0,1,1,0,0,1,1,0,0,1,0,1
17,"1",0,1,1,1,0,0,1,0,1,1,0,0,1,1,0,0,1,0,1
18,"1",0,1,1,1,0,0,1,0,1,1,0,0,1,1,0,0,1,0,1
19,"0",1,0,1,0,1,1,0,1,0,0,1,1,0,0,1,1,0,1,0
20,"0",0,1,1,1,0,0,1,0,1,1,0,0,1,1,0,0,1,0,1
21,"0",1,0,1,0,1,1,0,1,0,0,1,1,0,0,1,1,0,1,0
22,"0",1,0,1,0,1,1,0,1,0,0,1,1,0,0,1,1,0,1,0
23,"1",0,1,1,1,0,0,1,0,1,1,0,0,1,1,0,0,1,0,1
24,"0",0,1,1,1,0,0,1,0,1,1,0,0,1,1,0,0,1,0,1
25,"0",1,0,1,0,1,1,0,1,0,0,1,1,0,0,1,1,0,1,0
26,"1",1,0,1,0,1,1,0,1,0,0,1,1,0,0,1,1,0,1,0
27,"0",1,0,1,0,1,1,0,1,0,0,1,1,0,0,1,1,0,1,0
28,"1",0,1,1,1,0,0,1,0,1,1,0,0,1,1,0,0,1,0,1
29,"0",1,0,1,0,1,1,0,1,0,0,1,1,0,0,1,1,0,1,0
30,"0",0,1,1,1,0,0,1,0,1,1,0,0,1,1,0,0,1,0,1
31,"1",0,1,1,1,0,0,1,0,1,1,0,0,1,1,0,0,1,0,1
32,"1",0,1,1,1,0,0,1,0,1,1,0,0,1,1,0,0,1,0,1
33,"1",1,0,1,0,1,1,0,1,0,0,1,1,0,0,1,1,0,1,0
34,"0",0,1,1,1,0,0,1,0,1,1,0,0,1,1,0,0,1,0,1
35,"1",0,1,1,1,0,0,1,0,1,1,0,0,1,1,0,0,1,0,1
36,"1",0,1,1,1,0,0,1,0,1,1,0,0,1,1,0,0,1,0,1
37,"0",1,0,1,0,1,1,0,1,0,0,1,1,0,0,1,1,0,1,0
38,"1",0,1,1,1,0,0,1,0,1,1,0,0,1,1,0,0,1,0,1
39,"0",0,1,1,1,0,0,1,0,1,1,0,0,1,1,0,0,1,0,1
40,"0",0,1,1,1,0,0,1,0,1,1,0,0,1,1,0,0,1,0,1
41,"0",1,0,1,0,1,1,0,1,0,0,1,1,0,0,1,1,0,1,0
42,"0",1,0,1,0,1,1,0,1,0,0,1,1,0,0,1,1,0,1,0
43,"0",0,1,1,1,0,0,1,0,1,1,0,0,1,1,0,0,1,0,1
44,"0",0,1,1,1,0,0,1,0,1,1,0,0,1,1,0,0,1,0,1
45,"1",0,1,1,1,0,0,1,0,1,1,0,0,1,1,0,0,1,0,1
46,"0",1,0,1,0,1,1,0,1,0,0,1,1,0,0,1,1,0,1,0
47,"0",0,1,1,1,0,0,1,0,1,1,0,0,1,1,0,0,1,0,1
48,"1",1,0,1,0,1,1,0,1,0,0,1,1,0,0,1,1,0,1,0
49,"0",1,0,1,0,1,1,0,1,0,0,1,1,0,0,1,1,0,1,0
50,"1",0,1,1,1,0,0,1,0,1,1,0,0,1,1,0,0,1,0,1
51,"0",1,0,1,0,1,1,0,1,0,0,1,1,0,0,1,1,0,1,0
52,"0",0,1,1,1,0,0,1,0,1,1,0,0,1,1,0,0,1,0,1
53,"0",1,0,1,0,1,1,0,1,0,0,1,1,0,0,1,1,0,1,0
54,"0",0,1,1,1,0,0,1,0,1,1,0,0,1,1,0,0,1,0,1
55,"0",0,1,1,1,0,0,1,0,1,1,0,0,1,1,0,0,1,0,1
56,"1",1,0,1,0,1,1,0,1,0,0,1,1,0,0,1,1,0,1,0
57,"0",0,1,1,1,0,0,1,0,1,1,0,0,1,1,0,0,1,0,1
58,"0",0,1,1,1,0,0,1,0,1,1,0,0,1,1,0,0,1,0,1
59,"0",0,1,1,1,0,0,1,0,1,1,0,0,1,1,0,0,1,0,1
60,"0",0,1,1,1,0,0,1,0,1,1,0,0,1,1,0,0,1,0,1
61,"1",0,1,1,1,0,0,1,0,1,1,0,0,1,1,0,0,1,0,1
62,"1",0,1,1,1,0,0,1,0,1,1,0,0,1,1,0,0,1,0,1
63,"1",1,0,1,0,1,1,0,1,0,0,1,1,0,0,1,1,0,1,0
64,"0",1,0,1,0,1,1,0,1,0,0,1,1,0,0,1,1,0,1,0
65,"1",0,1,1,1,0,0,1,0,1,1,0,0,1,1,0,0,1,0,1
66,"0",0,1,1,1,0,0,1,0,1,1,0,0,1,1,0,0,1,0,1
67,"1",0,1,1,1,0,0,1,0,1,1,0,0,1,1,0,0,1,0,1
68,"0",0,1,1,1,0,0,1,0,1,1,0,0,1,1,0,0,1,0,1
69,"1",0,1,1,1,0,0,1,0,1,1,0,0,1,1,0,0,1,0,1
70,"0",0,1,1,1,0,0,1,0,1,1,0,0,1,1,0,0,1,0,1
71,"1",0,1,1,1,0,0,1,0,1,1,0,0,1,1,0,0,1,0,1
72,"1",0,1,1,1,0,0,1,0,1,1,0,0,1,1,0,0,1,0,1
73,"0",1,0,1,0,1,1,0,1,0,0,1,1,0,0,1,1,0,1,0
74,"1",0,1,1,1,0,0,1,0,1,1,0,0,1,1,0,0,1,0,1
75,"1",0,1,1,1,0,0,1,0,1,1,0,0,1,1,0,0,1,0,1
76,"0",0,1,1,1,0,0,1,0,1,1,0,0,1,1,0,0,1,0,1
77,"0",0,1,1,1,0,0,1,0,1,1,0,0,1,1,0,0,1,0,1
78,"0",0,1,1,1,0,0,1,0,1,1,0,0,1,1,0,0,1,0,1
79,"0",1,0,1,0,1,1,0,1,0,0,1,1,0,0,1,1,0,1,0
80,"1",1,0,1,0,1,1,0,1,0,0,1,1,0,0,1,1,0,1,0
81,"0",0,1,1,1,0,0,1,0,1,1,0,0,1,1,0,0,1,0,1
82,"0",1,0,1,0,1,1,0,1,0,0,1,1,0,0,1,1,0,1,0
83,"1",0,1,1,1,0,0,1,0,1,1,0,0,1,1,0,0,1,0,1
84,"0",0,1,1,1,0,0,1,0,1,1,0,0,1,1,0,0,1,0,1
85,"0",0,1,1,1,0,0,1,0,1,1,0,0,1,1,0,0,1,0,1
86,"1",1,0,1,0,1,1,0,1,0,0,1,1,0,0,1,1,0,1,0
87,"1",0,1,1,1,0,0,1,0,1,1,0,0,1,1,0,0,1,0,1
88,"1",1,0,1,0,1,1,0,1,0,0,1,1,0,0,1,1,0,1,0
89,"1",0,1,1,1,0,0,1,0,1,1,0,0,1,1,0,0,1,0,1
90,"1",1,0,1,0,1,1,0,1,0,0,1,1,0,0,1,1,0,1,0
91,"0",0,1,1,1,0,0,1,0,1,1,0,0,1,1,0,0,1,0,1
92,"0",0,1,1,1,0,0,1,0,1,1,0,0,1,1,0,0,1,0,1
93,"0",1,0,1,0,1,1,0,1,0,0,1,1,0,0,1,1,0,1,0
94,"1",1,0,1,0,1,1,0,1,0,0,1,1,0,0,1,1,0,1,0
95,"0",0,1,1,1,0,0,1,0,1,1,0,0,1,1,0,0,1,0,1
96,"1",0,1,1,1,0,0,1,0,1,1,0,0,1,1,0,0,1,0,1
97,"1",0,1,1,1,0,0,1,0,1,1,0,0,1,1,0,0,1,0,1
98,"0",1,0,1,0,1,1,0,1,0,0,1,1,0,0,1,1,0,1,0
99,"0",1,0,1,0,1,1,0,1,0,0,1,1,0,0,1,1,0,1,0
100,"0",0,1,1,1,0,0,1,0,1,1,0,0,1,1,0,0,1,0,1
101,"1",1,0,1,0,1,1,0,1,0,0,1,1,0,0,1,1,0,1,0
102,"1",0,1,1,1,0,0,1,0,1,1,0,0,1,1,0,0,1,0,1
103,"1",0,1,1,1,0,0,1,0,1,1,0,0,1,1,0,0,1,0,1
104,"1",0,1,1,1,0,0,1,0,1,1,0,0,1,1,0,0,1,0,1
105,"0",1,0,1,0,1,1,0,1,0,0,1,1,0,0,1,1,0,1,0
106,"1",0,1,1,1,0,0,1,0,1,1,0,0,1,1,0,0,1,0,1
107,"0",0,1,1,1,0,0,1,0,1,1,0,0,1,1,0,0,1,0,1
108,"1",1,0,1,0,1,1,0,1,0,0,1,1,0,0,1,1,0,1,0
109,"1",0,1,1,1,0,0,1,0,1,1,0,0,1,1,0,0,1,0,1
110,"0",1,0,1,0,1,1,0,1,0,0,1,1,0,0,1,1,0,1,0
111,"1",0,1,1,1,0,0,1,0,1,1,0,0,1,1,0,0,1,0,1
112,"0",1,0,1,0,1,1,0,1,0,0,1,1,0,0,1,1,0,1,0
113,"1",1,0,1,0,1,1,0,1,0,0,1,1,0,0,1,1,0,1,0
114,"0",0,1,1,1,0,0,1,0,1,1,0,0,1,1,0,0,1,0,1
115,"0",1,0,1,0,1,1,0,1,0,0,1,1,0,0,1,1,0,1,0
116,"0",1,0,1,0,1,1,0,1,0,0,1,1,0,0,1,1,0,1,0
117,"0",1,0,1,0,1,1,0,1,0,0,1,1,0,0,1,1,0,1,0
118,"0",0,1,1,1,0,0,1,0,1,1,0,0,1,1,0,0,1,0,1
119,"1",0,1,1,1,0,0,1,0,1,1,0,0,1,1,0,0,1,0,1
120,"0",1,0,1,0,1,1,0,1,0,0,1,1,0,0,1,1,0,1,0
121,"1",0,1,1,1,0,0,1,0,1,1,0,0,1,1,0,0,1,0,1
122,"1",0,1,1,1,0,0,1,0,1,1,0,0,1,1,0,0,1,0,1
123,"0",0,1,1,1,0,0,1,0,1,1,0,0,1,1,0,0,1,0,1
124,"1",0,1,1,1,0,0,1,0,1,1,0,0,1,1,0,0,1,0,1
125,"0",0,1,1,1,0,0,1,0,1,1,0,0,1,1,0,0,1,0,1
126,"0",0,1,1,1,0,0,1,0,1,1,0,0,1,1,0,0,1,0,1
127,"0",0,1,1,1,0,0,1,0,1,1,0,0,1,1,0,0,1,0,1
128,"1",0,1,1,1,0,0,1,0,1,1,0,0,1,1,0,0,1,0,1
129,"1",1,0,1,0,1,1,0,1,0,0,1,1,0,0,1,1,0,1,0
130,"1",0,1,1,1,0,0,1,0,1,1,0,0,1,1,0,0,1,0,1
131,"0",1,0,1,0,1,1,0,1,0,0,1,1,0,0,1,1,0,1,0
132,"1",0,1,1,1,0,0,1,0,1,1,0,0,1,1,0,0,1,0,1
133,"0",0,1,1,1,0,0,1,0,1,1,0,0,1,1,0,0,1,0,1
134,"0",0,1,1,1,0,0,1,0,1,1,0,0,1,1,0,0,1,0,1
135,"0",0,1,1,1,0,0,1,0,1,1,0,0,1,1,0,0,1,0,1
136,"0",1,0,1,0,1,1,0,1,0,0,1,1,0,0,1,1,0,1,0
137,"1",0,1,1,1,0,0,1,0,1,1,0,0,1,1,0,0,1,0,1
138,"0",1,0,1,0,1,1,0,1,0,0,1,1,0,0,1,1,0,1,0
139,"1",1,0,1,0,1,1,0,1,0,0,1,1,0,0,1,1,0,1,0
140,"1",0,1,1,1,0,0,1,0,1,1,0,0,1,1,0,0,1,0,1
141,"0",1,0,1,0,1,1,0,1,0,0,1,1,0,0,1,1,0,1,0
142,"1",0,1,1,1,0,0,1,0,1,1,0,0,1,1,0,0,1,0,1
143,"1",1,0,1,0,1,1,0,1,0,0,1,1,0,0,1,1,0,1,0
144,"0",0,1,1,1,0,0,1,0,1,1,0,0,1,1,0,0,1,0,1
145,"1",0,1,1,1,0,0,1,0,1,1,0,0,1,1,0,0,1,0,1
146,"0",0,1,1,1,0,0,1,0,1,1,0,0,1,1,0,0,1,0,1
147,"1",0,1,1,1,0,0,1,0,1,1,0,0,1,1,0,0,1,0,1
148,"0",1,0,1,0,1,1,0,1,0,0,1,1,0,0,1,1,0,1,0
149,"1",0,1,1,1,0,0,1,0,1,1,0,0,1,1,0,0,1,0,1
150,"0",1,0,1,0,1,1,0,1,0,0,1,1,0,0,1,1,0,1,0
151,"0",0,1,1,1,0,0,1,0,1,1,0,0,1,1,0,0,1,0,1
152,"0",0,1,1,1,0,0,1,0,1,1,0,0,1,1,0,0,1,0,1
153,"0",0,1,1,1,0,0,1,0,1,1,0,0,1,1,0,0,1,0,1
154,"1",1,0,1,0,1,1,0,1,0,0,1,1,0,0,1,1,0,1,0
155,"0",1,0,1,0,1,1,0,1,0,0,1,1,0,0,1,1,0,1,0
156,"0",1,0,1,0,1,1,0,1,0,0,1,1,0,0,1,1,0,1,0
157,"1",1,0,1,0,1,1,0,1,0,0,1,1,0,0,1,1,0,1,0
158,"1",0,1,1,1,0,0,1,0,1,1,0,0,1,1,0,0,1,0,1
159,"1",0,1,1,1,0,0,1,0,1,1,0,0,1,1,0,0,1,0,1
160,"0",1,0,1,0,1,1,0,1,0,0,1,1,0,0,1,1,0,1,0
161,"0",0,1,1,1,0,0,1,0,1,1,0,0,1,1,0,0,1,0,1
162,"0",0,1,1,1,0,0,1,0,1,1,0,0,1,1,0,0,1,0,1
163,"1",0,1,1,1,0,0,1,0,1,1,0,0,1,1,0,0,1,0,1
164,"1",0,1,1,1,0,0,1,0,1,1,0,0,1,1,0,0,1,0,1
165,"0",1,0,1,0,1,1,0,1,0,0,1,1,0,0,1,1,0,1,0
166,"0",0,1,1,1,0,0,1,0,1,1,0,0,1,1,0,0,1,0,1
167,"0",1,0,1,0,1,1,0,1,0,0,1,1,0,0,1,1,0,1,0
168,"0",0,1,1,1,0,0,1,0,1,1,0,0,1,1,0,0,1,0,1
169,"1",0,1,1,1,0,0,1,0,1,1,0,0,1,1,0,0,1,0,1
170,"0",1,0,1,0,1,1,0,1,0,0,1,1,0,0,1,1,0,1,0
171,"0",1,0,1,0,1,1,0,1,0,0,1,1,0,0,1,1,0,1,0
172,"0",0,1,1,1,0,0,1,0,1,1,0,0,1,1,0,0,1,0,1
173,"1",0,1,1,1,0,0,1,0,1,1,0,0,1,1,0,0,1,0,1
174,"0",1,0,1,0,1,1,0,1,0,0,1,1,0,0,1,1,0,1,0
175,"1",1,0,1,0,1,1,0,1,0,0,1,1,0,0,1,1,0,1,0
176,"1",0,1,1,1,0,0,1,0,1,1,0,0,1,1,0,0,1,0,1
177,"1",0,1,1,1,0,0,1,0,1,1,0,0,1,1,0,0,1,0,1
178,"0",1,0,1,0,1,1,0,1,0,0,1,1,0,0,1,1,0,1,0
179,"1",0,1,1,1,0,0,1,0,1,1,0,0,1,1,0,0,1,0,1
180,"1",1,0,1,0,1,1,0,1,0,0,1,1,0,0,1,1,0,1,0
181,"1",0,1,1,1,0,0,1,0,1,1,0,0,1,1,0,0,1,0,1
182,"1",0,1,1,1,0,0,1,0,1,1,0,0,1,1,0,0,1,0,1
183,"0",1,0,1,0,1,1,0,1,0,0,1,1,0,0,1,1,0,1,0
184,"0",0,1,1,1,0,0,1,0,1,1,0,0,1,1,0,0,1,0,1
185,"0",0,1,1,1,0,0,1,0,1,1,0,0,1,1,0,0,1,0,1
186,"0",0,1,1,1,0,0,1,0,1,1,0,0,1,1,0,0,1,0,1
187,"0",0,1,1,1,0,0,1,0,1,1,0,0,1,1,0,0,1,0,1
188,"1",1,0,1,0,1,1,0,1,0,0,1,1,0,0,1,1,0,1,0
189,"0",0,1,1,1,0,0,1,0,1,1,0,0,1,1,0,0,1,0,1
190,"1",1,0,1,0,1,1,0,1,0,0,1,1,0,0,1,1,0,1,0
191,"1",1,0,1,0,1,1,0,1,0,0,1,1,0,0,1,1,0,1,0
192,"1",0,1,1,1,0,0,1,0,1,1,0,0,1,1,0,0,1,0,1
193,"1",1,0,1,0,1,1,0,1,0,0,1,1,0,0,1,1,0,1,0
194,"1",1,0,1,0,1,1,0,1,0,0,1,1,0,0,1,1,0,1,0
195,"0",0,1,1,1,0,0,1,0,1,1,0,0,1,1,0,0,1,0,1
196,"0",1,0,1,0,1,1,0,1,0,0,1,1,0,0,1,1,0,1,0
197,"0",1,0,1,0,1,1,0,1,0,0,1,1,0,0,1,1,0,1,0
198,"0",0,1,1,1,0,0,1,0,1,1,0,0,1,1,0,0,1,0,1
199,"0",0,1,1,1,0,0,1,0,1,1,0,0,1,1,0,0,1,0,1
200,"0",0,1,1,1,0,0,1,0,1,1,0,0,1,1,0,0,1,0,1
201,"0",0,1,1,1,0,0,1,0,1,1,0,0,1,1,0,0,1,0,1
202,"1",0,1,1,1,0,0,1,0,1,1,0,0,1,1,0,0,1,0,1
203,"0",0,1,1,1,0,0,1,0,1,1,0,0,1,1,0,0,1,0,1
204,"1",0,1,1,1,0,0,1,0,1,1,0,0,1,1,0,0,1,0,1
205,"1",0,1,1,1,0,0,1,0,1,1,0,0,1,1,0,0,1,0,1
206,"0",1,0,1,0,1,1,0,1,0,0,1,1,0,0,1,1,0,1,0
207,"0",0,1,1,1,0,0,1,0,1,1,0,0,1,1,0,0,1,0,1
208,"1",0,1,1,1,0,0,1,0,1,1,0,0,1,1,0,0,1,0,1
209,"0",0,1,1,1,0,0,1,0,1,1,0,0,1,1,0,0,1,0,1
210,"1",0,1,1,1,0,0,1,0,1,1,0,0,1,1,0,0,1,0,1
211,"1",0,1,1,1,0,0,1,0,1,1,0,0,1,1,0,0,1,0,1
212,"0",0,1,1,1,0,0,1,0,1,1,0,0,1,1,0,0,1,0,1
213,"0",1,0,1,0,1,1,0,1,0,0,1,1,0,0,1,1,0,1,0
214,"0",0,1,1,1,0,0,1,0,1,1,0,0,1,1,0,0,1,0,1
215,"0",1,0,1,0,1,1,0,1,0,0,1,1,0,0,1,1,0,1,0
216,"1",0,1,1,1,0,0,1,0,1,1,0,0,1,1,0,0,1,0,1
217,"1",1,0,1,0,1,1,0,1,0,0,1,1,0,0,1,1,0,1,0
218,"0",1,0,1,0,1,1,0,1,0,0,1,1,0,0,1,1,0,1,0
219,"0",1,0,1,0,1,1,0,1,0,0,1,1,0,0,1,1,0,1,0
220,"0",0,1,1,1,0,0,1,0,1,1,0,0,1,1,0,0,1,0,1
221,"0",0,1,1,1,0,0,1,0,1,1,0,0,1,1,0,0,1,0,1
222,"0",1,0,1,0,1,1,0,1,0,0,1,1,0,0,1,1,0,1,0
223,"0",1,0,1,0,1,1,0,1,0,0,1,1,0,0,1,1,0,1,0
224,"1",1,0,1,0,1,1,0,1,0,0,1,1,0,0,1,1,0,1,0
225,"0",1,0,1,0,1,1,0,1,0,0,1,1,0,0,1,1,0,1,0
226,"1",0,1,1,1,0,0,1,0,1,1,0,0,1,1,0,0,1,0,1
227,"0",1,0,1,0,1,1,0,1,0,0,1,1,0,0,1,1,0,1,0
228,"0",0,1,1,1,0,0,1,0,1,1,0,0,1,1,0,0,1,0,1
229,"0",0,1,1,1,0,0,1,0,1,1,0,0,1,1,0,0,1,0,1
230,"1",0,1,1,1,0,0,1,0,1,1,0,0,1,1,0,0,1,0,1
231,"0",0,1,1,1,0,0,1,0,1,1,0,0,1,1,0,0,1,0,1
232,"0",0,1,1,1,0,0,1,0,1,1,0,0,1,1,0,0,1,0,1
233,"0",0,1,1,1,0,0,1,0,1,1,0,0,1,1,0,0,1,0,1
234,"1",0,1,1,1,0,0,1,0,1,1,0,0,1,1,0,0,1,0,1
235,"0",0,1,1,1,0,0,1,0,1,1,0,0,1,1,0,0,1,0,1
236,"1",0,1,1,1,0,0,1,0,1,1,0,0,1,1,0,0,1,0,1
237,"1",0,1,1,1,0,0,1,0,1,1,0,0,1,1,0,0,1,0,1
238,"0",1,0,1,0,1,1,0,1,0,0,1,1,0,0,1,1,0,1,0
239,"0",0,1,1,1,0,0,1,0,1,1,0,0,1,1,0,0,1,0,1
240,"0",0,1,1,1,0,0,1,0,1,1,0,0,1,1,0,0,1,0,1
241,"0",0,1,1,1,0,0,1,0,1,1,0,0,1,1,0,0,1,0,1
242,"0",0,1,1,1,0,0,1,0,1,1,0,0,1,1,0,0,1,0,1
243,"1",1,0,1,0,1,1,0,1,0,0,1,1,0,0,1,1,0,1,0
244,"1",0,1,1,1,0,0,1,0,1,1,0,0,1,1,0,0,1,0,1
245,"1",0,1,1,1,0,0,1,0,1,1,0,0,1,1,0,0,1,0,1
246,"1",0,1,1,1,0,0,1,0,1,1,0,0,1,1,0,0,1,0,1
247,"1",0,1,1,1,0,0,1,0,1,1,0,0,1,1,0,0,1,0,1
248,"1",1,0,1,0,1,1,0,1,0,0,1,1,0,0,1,1,0,1,0
249,"0",0,1,1,1,0,0,1,0,1,1,0,0,1,1,0,0,1,0,1
250,"1",0,1,1,1,0,0,1,0,1,1,0,0,1,1,0,0,1,0,1
251,"0",0,1,1,1,0,0,1,0,1,1,0,0,1,1,0,0,1,0,1
252,"0",0,1,1,1,0,0,1,0,1,1,0,0,1,1,0,0,1,0,1
253,"0",1,0,1,0,1,1,0,1,0,0,1,1,0,0,1,1,0,1,0
254,"1",0,1,1,1,0,0,1,0,1,1,0,0,1,1,0,0,1,0,1
255,"0",0,1,1,1,0,0,1,0,1,1,0,0,1,1,0,0,1,0,1
256,"1",0,1,1,1,0,0,1,0,1,1,0,0,1,1,0,0,1,0,1
257,"0",1,0,1,0,1,1,0,1,0,0,1,1,0,0,1,1,0,1,0
258,"0",1,0,1,0,1,1,0,1,0,0,1,1,0,0,1,1,0,1,0
259,"1",0,1,1,1,0,0,1,0,1,1,0,0,1,1,0,0,1,0,1
260,"1",1,0,1,0,1,1,0,1,0,0,1,1,0,0,1,1,0,1,0
261,"0",1,0,1,0,1,1,0,1,0,0,1,1,0,0,1,1,0,1,0
262,"0",0,1,1,1,0,0,1,0,1,1,0,0,1,1,0,0,1,0,1
263,"1",1,0,1,0,1,1,0,1,0,0,1,1,0,0,1,1,0,1,0
264,"1",0,1,1,1,0,0,1,0,1,1,0,0,1,1,0,0,1,0,1
265,"1",1,0,1,0,1,1,0,1,0,0,1,1,0,0,1,1,0,1,0
266,"0",1,0,1,0,1,1,0,1,0,0,1,1,0,0,1,1,0,1,0
267,"1",0,1,1,1,0,0,1,0,1,1,0,0,1,1,0,0,1,0,1
268,"0",1,0,1,0,1,1,0,1,0,0,1,1,0,0,1,1,0,1,0
269,"0",1,0,1,0,1,1,0,1,0,0,1,1,0,0,1,1,0,1,0
270,"1",0,1,1,1,0,0,1,0,1,1,0,0,1,1,0,0,1,0,1
271,"1",0,1,1,1,0,0,1,0,1,1,0,0,1,1,0,0,1,0,1
272,"0",0,1,1,1,0,0,1,0,1,1,0,0,1,1,0,0,1,0,1
273,"0",1,0,1,0,1,1,0,1,0,0,1,1,0,0,1,1,0,1,0
274,"1",0,1,1,1,0,0,1,0,1,1,0,0,1,1,0,0,1,0,1
275,"1",0,1,1,1,0,0,1,0,1,1,0,0,1,1,0,0,1,0,1
276,"0",1,0,1,0,1,1,0,1,0,0,1,1,0,0,1,1,0,1,0
277,"1",1,0,1,0,1,1,0,1,0,0,1,1,0,0,1,1,0,1,0
278,"0",1,0,1,0,1,1,0,1,0,0,1,1,0,0,1,1,0,1,0
279,"1",0,1,1,1,0,0,1,0,1,1,0,0,1,1,0,0,1,0,1
280,"0",0,1,1,1,0,0,1,0,1,1,0,0,1,1,0,0,1,0,1
281,"0",0,1,1,1,0,0,1,0,1,1,0,0,1,1,0,0,1,0,1
282,"1",0,1,1,1,0,0,1,0,1,1,0,0,1,1,0,0,1,0,1
283,"1",0,1,1,1,0,0,1,0,1,1,0,0,1,1,0,0,1,0,1
284,"1",0,1,1,1,0,0,1,0,1,1,0,0,1,1,0,0,1,0,1
285,"0",0,1,1,1,0,0,1,0,1,1,0,0,1,1,0,0,1,0,1
286,"0",0,1,1,1,0,0,1,0,1,1,0,0,1,1,0,0,1,0,1
287,"0",0,1,1,1,0,0,1,0,1,1,0,0,1,1,0,0,1,0,1
288,"0",1,0,1,0,1,1,0,1,0,0,1,1,0,0,1,1,0,1,0
289,"1",0,1,1,1,0,0,1,0,1,1,0,0,1,1,0,0,1,0,1
290,"1",1,0,1,0,1,1,0,1,0,0,1,1,0,0,1,1,0,1,0
291,"1",1,0,1,0,1,1,0,1,0,0,1,1,0,0,1,1,0,1,0
292,"0",1,0,1,0,1,1,0,1,0,0,1,1,0,0,1,1,0,1,0
293,"1",1,0,1,0,1,1,0,1,0,0,1,1,0,0,1,1,0,1,0
294,"0",0,1,1,1,0,0,1,0,1,1,0,0,1,1,0,0,1,0,1
295,"0",1,0,1,0,1,1,0,1,0,0,1,1,0,0,1,1,0,1,0
296,"1",0,1,1,1,0,0,1,0,1,1,0,0,1,1,0,0,1,0,1
297,"1",0,1,1,1,0,0,1,0,1,1,0,0,1,1,0,0,1,0,1
298,"1",1,0,1,0,1,1,0,1,0,0,1,1,0,0,1,1,0,1,0
299,"0",1,0,1,0,1,1,0,1,0,0,1,1,0,0,1,1,0,1,0
300,"1",0,1,1,1,0,0,1,0,1,1,0,0,1,1,0,0,1,0,1
301,"1",0,1,1,1,0,0,1,0,1,1,0,0,1,1,0,0,1,0,1
302,"1",0,1,1,1,0,0,1,0,1,1,0,0,1,1,0,0,1,0,1
303,"0",1,0,1,0,1,1,0,1,0,0,1,1,0,0,1,1,0,1,0
304,"0",0,1,1,1,0,0,1,0,1,1,0,0,1,1,0,0,1,0,1
305,"0",1,0,1,0,1,1,0,1,0,0,1,1,0,0,1,1,0,1,0
306,"1",0,1,1,1,0,0,1,0,1,1,0,0,1,1,0,0,1,0,1
307,"0",0,1,1,1,0,0,1,0,1,1,0,0,1,1,0,0,1,0,1
308,"1",0,1,1,1,0,0,1,0,1,1,0,0,1,1,0,0,1,0,1
309,"0",1,0,1,0,1,1,0,1,0,0,1,1,0,0,1,1,0,1,0
310,"0",0,1,1,1,0,0,1,0,1,1,0,0,1,1,0,0,1,0,1
311,"0",1,0,1,0,1,1,0,1,0,0,1,1,0,0,1,1,0,1,0
312,"1",0,1,1,1,0,0,1,0,1,1,0,0,1,1,0,0,1,0,1
313,"1",0,1,1,1,0,0,1,0,1,1,0,0,1,1,0,0,1,0,1
314,"0",0,1,1,1,0,0,1,0,1,1,0,0,1,1,0,0,1,0,1
315,"1",1,0,1,0,1,1,0,1,0,0,1,1,0,0,1,1,0,1,0
316,"0",0,1,1,1,0,0,1,0,1,1,0,0,1,1,0,0,1,0,1
317,"1",0,1,1,1,0,0,1,0,1,1,0,0,1,1,0,0,1,0,1
318,"0",1,0,1,0,1,1,0,1,0,0,1,1,0,0,1,1,0,1,0
319,"1",0,1,1,1,0,0,1,0,1,1,0,0,1,1,0,0,1,0,1
320,"0",0,1,1,1,0,0,1,0,1,1,0,0,1,1,0,0,1,0,1
321,"0",1,0,1,0,1,1,0,1,0,0,1,1,0,0,1,1,0,1,0
322,"1",0,1,1,1,0,0,1,0,1,1,0,0,1,1,0,0,1,0,1
323,"1",0,1,1,1,0,0,1,0,1,1,0,0,1,1,0,0,1,0,1
324,"1",0,1,1,1,0,0,1,0,1,1,0,0,1,1,0,0,1,0,1
325,"0",1,0,1,0,1,1,0,1,0,0,1,1,0,0,1,1,0,1,0
326,"1",0,1,1,1,0,0,1,0,1,1,0,0,1,1,0,0,1,0,1
327,"1",1,0,1,0,1,1,0,1,0,0,1,1,0,0,1,1,0,1,0
328,"1",0,1,1,1,0,0,1,0,1,1,0,0,1,1,0,0,1,0,1
329,"0",0,1,1,1,0,0,1,0,1,1,0,0,1,1,0,0,1,0,1
330,"0",1,0,1,0,1,1,0,1,0,0,1,1,0,0,1,1,0,1,0
331,"1",1,0,1,0,1,1,0,1,0,0,1,1,0,0,1,1,0,1,0
332,"0",0,1,1,1,0,0,1,0,1,1,0,0,1,1,0,0,1,0,1
333,"0",1,0,1,0,1,1,0,1,0,0,1,1,0,0,1,1,0,1,0
334,"0",0,1,1,1,0,0,1,0,1,1,0,0,1,1,0,0,1,0,1
335,"0",1,0,1,0,1,1,0,1,0,0,1,1,0,0,1,1,0,1,0
336,"0",1,0,1,0,1,1,0,1,0,0,1,1,0,0,1,1,0,1,0
337,"0",0,1,1,1,0,0,1,0,1,1,0,0,1,1,0,0,1,0,1
338,"1",0,1,1,1,0,0,1,0,1,1,0,0,1,1,0,0,1,0,1
339,"1",1,0,1,0,1,1,0,1,0,0,1,1,0,0,1,1,0,1,0
340,"0",1,0,1,0,1,1,0,1,0,0,1,1,0,0,1,1,0,1,0
341,"1",0,1,1,1,0,0,1,0,1,1,0,0,1,1,0,0,1,0,1
342,"1",1,0,1,0,1,1,0,1,0,0,1,1,0,0,1,1,0,1,0
343,"0",1,0,1,0,1,1,0,1,0,0,1,1,0,0,1,1,0,1,0
344,"1",0,1,1,1,0,0,1,0,1,1,0,0,1,1,0,0,1,0,1
345,"1",0,1,1,1,0,0,1,0,1,1,0,0,1,1,0,0,1,0,1
346,"0",0,1,1,1,0,0,1,0,1,1,0,0,1,1,0,0,1,0,1
347,"0",1,0,1,0,1,1,0,1,0,0,1,1,0,0,1,1,0,1,0
348,"0",1,0,1,0,1,1,0,1,0,0,1,1,0,0,1,1,0,1,0
349,"0",1,0,1,0,1,1,0,1,0,0,1,1,0,0,1,1,0,1,0
350,"1",1,0,1,0,1,1,0,1,0,0,1,1,0,0,1,1,0,1,0
351,"0",1,0,1,0,1,1,0,1,0,0,1,1,0,0,1,1,0,1,0
352,"0",1,0,1,0,1,1,0,1,0,0,1,1,0,0,1,1,0,1,0
353,"0",0,1,1,1,0,0,1,0,1,1,0,0,1,1,0,0,1,0,1
354,"0",1,0,1,0,1,1,0,1,0,0,1,1,0,0,1,1,0,1,0
355,"0",1,0,1,0,1,1,0,1,0,0,1,1,0,0,1,1,0,1,0
356,"0",0,1,1,1,0,0,1,0,1,1,0,0,1,1,0,0,1,0,1
357,"0",0,1,1,1,0,0,1,0,1,1,0,0,1,1,0,0,1,0,1
358,"0",1,0,1,0,1,1,0,1,0,0,1,1,0,0,1,1,0,1,0
359,"0",0,1,1,1,0,0,1,0,1,1,0,0,1,1,0,0,1,0,1
360,"1",1,0,1,0,1,1,0,1,0,0,1,1,0,0,1,1,0,1,0
361,"0",1,0,1,0,1,1,0,1,0,0,1,1,0,0,1,1,0,1,0
362,"0",1,0,1,0,1,1,0,1,0,0,1,1,0,0,1,1,0,1,0
363,"0",1,0,1,0,1,1,0,1,0,0,1,1,0,0,1,1,0,1,0
364,"0",1,0,1,0,1,1,0,1,0,0,1,1,0,0,1,1,0,1,0
365,"0",1,0,1,0,1,1,0,1,0,0,1,1,0,0,1,1,0,1,0
366,"1",0,1,1,1,0,0,1,0,1,1,0,0,1,1,0,0,1,0,1
367,"0",0,1,1,1,0,0,1,0,1,1,0,0,1,1,0,0,1,0,1
368,"0",1,0,1,0,1,1,0,1,0,0,1,1,0,0,1,1,0,1,0
369,"1",0,1,1,1,0,0,1,0,1,1,0,0,1,1,0,0,1,0,1
370,"0",1,0,1,0,1,1,0,1,0,0,1,1,0,0,1,1,0,1,0
371,"0",1,0,1,0,1,1,0,1,0,0,1,1,0,0,1,1,0,1,0
372,"1",0,1,1,1,0,0,1,0,1,1,0,0,1,1,0,0,1,0,1
373,"0",1,0,1,0,1,1,0,1,0,0,1,1,0,0,1,1,0,1,0
374,"0",0,1,1,1,0,0,1,0,1,1,0,0,1,1,0,0,1,0,1
375,"0",1,0,1,0,1,1,0,1,0,0,1,1,0,0,1,1,0,1,0
376,"0",0,1,1,1,0,0,1,0,1,1,0,0,1,1,0,0,1,0,1
377,"0",1,0,1,0,1,1,0,1,0,0,1,1,0,0,1,1,0,1,0
378,"0",1,0,1,0,1,1,0,1,0,0,1,1,0,0,1,1,0,1,0
379,"0",0,1,1,1,0,0,1,0,1,1,0,0,1,1,0,0,1,0,1
380,"1",1,0,1,0,1,1,0,1,0,0,1,1,0,0,1,1,0,1,0
381,"0",1,0,1,0,1,1,0,1,0,0,1,1,0,0,1,1,0,1,0
382,"0",0,1,1,1,0,0,1,0,1,1,0,0,1,1,0,0,1,0,1
383,"0",0,1,1,1,0,0,1,0,1,1,0,0,1,1,0,0,1,0,1
384,"0",1,0,1,0,1,1,0,1,0,0,1,1,0,0,1,1,0,1,0
385,"0",1,0,1,0,1,1,0,1,0,0,1,1,0,0,1,1,0,1,0
386,"0",0,1,1,1,0,0,1,0,1,1,0,0,1,1,0,0,1,0,1
387,"0",0,1,1,1,0,0,1,0,1,1,0,0,1,1,0,0,1,0,1
388,"1",0,1,1,1,0,0,1,0,1,1,0,0,1,1,0,0,1,0,1
389,"0",0,1,1,1,0,0,1,0,1,1,0,0,1,1,0,0,1,0,1
390,"1",1,0,1,0,1,1,0,1,0,0,1,1,0,0,1,1,0,1,0
391,"0",1,0,1,0,1,1,0,1,0,0,1,1,0,0,1,1,0,1,0
392,"0",0,1,1,1,0,0,1,0,1,1,0,0,1,1,0,0,1,0,1
393,"1",1,0,1,0,1,1,0,1,0,0,1,1,0,0,1,1,0,1,0
394,"0",1,0,1,0,1,1,0,1,0,0,1,1,0,0,1,1,0,1,0
395,"1",0,1,1,1,0,0,1,0,1,1,0,0,1,1,0,0,1,0,1
396,"1",0,1,1,1,0,0,1,0,1,1,0,0,1,1,0,0,1,0,1
397,"0",1,0,1,0,1,1,0,1,0,0,1,1,0,0,1,1,0,1,0
398,"1",0,1,1,1,0,0,1,0,1,1,0,0,1,1,0,0,1,0,1
399,"0",0,1,1,1,0,0,1,0,1,1,0,0,1,1,0,0,1,0,1
400,"0",1,0,1,0,1,1,0,1,0,0,1,1,0,0,1,1,0,1,0
401,"0",1,0,1,0,1,1,0,1,0,0,1,1,0,0,1,1,0,1,0
402,"1",0,1,1,1,0,0,1,0,1,1,0,0,1,1,0,0,1,0,1
403,"0",1,0,1,0,1,1,0,1,0,0,1,1,0,0,1,1,0,1,0
404,"0",0,1,1,1,0,0,1,0,1,1,0,0,1,1,0,0,1,0,1
405,"1",0,1,1,1,0,0,1,0,1,1,0,0,1,1,0,0,1,0,1
406,"1",0,1,1,1,0,0,1,0,1,1,0,0,1,1,0,0,1,0,1
407,"1",0,1,1,1,0,0,1,0,1,1,0,0,1,1,0,0,1,0,1
408,"1",0,1,1,1,0,0,1,0,1,1,0,0,1,1,0,0,1,0,1
409,"1",0,1,1,1,0,0,1,0,1,1,0,0,1,1,0,0,1,0,1
410,"1",1,0,1,0,1,1,0,1,0,0,1,1,0,0,1,1,0,1,0
411,"0",1,0,1,0,1,1,0,1,0,0,1,1,0,0,1,1,0,1,0
412,"1",0,1,1,1,0,0,1,0,1,1,0,0,1,1,0,0,1,0,1
413,"0",1,0,1,0,1,1,0,1,0,0,1,1,0,0,1,1,0,1,0
414,"1",0,1,1,1,0,0,1,0,1,1,0,0,1,1,0,0,1,0,1
415,"0",0,1,1,1,0,0,1,0,1,1,0,0,1,1,0,0,1,0,1
416,"0",0,1,1,1,0,0,1,0,1,1,0,0,1,1,0,0,1,0,1
417,"1",0,1,1,1,0,0,1,0,1,1,0,0,1,1,0,0,1,0,1
418,"0",1,0,1,0,1,1,0,1,0,0,1,1,0,0,1,1,0,1,0
419,"0",1,0,1,0,1,1,0,1,0,0,1,1,0,0,1,1,0,1,0
420,"0",1,0,1,0,1,1,0,1,0,0,1,1,0,0,1,1,0,1,0
421,"1",0,1,1,1,0,0,1,0,1,1,0,0,1,1,0,0,1,0,1
422,"0",1,0,1,0,1,1,0,1,0,0,1,1,0,0,1,1,0,1,0
423,"1",1,0,1,0,1,1,0,1,0,0,1,1,0,0,1,1,0,1,0
424,"1",1,0,1,0,1,1,0,1,0,0,1,1,0,0,1,1,0,1,0
425,"1",0,1,1,1,0,0,1,0,1,1,0,0,1,1,0,0,1,0,1
426,"0",1,0,1,0,1,1,0,1,0,0,1,1,0,0,1,1,0,1,0
427,"1",1,0,1,0,1,1,0,1,0,0,1,1,0,0,1,1,0,1,0
428,"1",1,0,1,0,1,1,0,1,0,0,1,1,0,0,1,1,0,1,0
429,"1",0,1,1,1,0,0,1,0,1,1,0,0,1,1,0,0,1,0,1
430,"1",0,1,1,1,0,0,1,0,1,1,0,0,1,1,0,0,1,0,1
431,"0",1,0,1,0,1,1,0,1,0,0,1,1,0,0,1,1,0,1,0
432,"1",0,1,1,1,0,0,1,0,1,1,0,0,1,1,0,0,1,0,1
433,"1",0,1,1,1,0,0,1,0,1,1,0,0,1,1,0,0,1,0,1
434,"0",0,1,1,1,0,0,1,0,1,1,0,0,1,1,0,0,1,0,1
435,"0",0,1,1,1,0,0,1,0,1,1,0,0,1,1,0,0,1,0,1
436,"0",1,0,1,0,1,1,0,1,0,0,1,1,0,0,1,1,0,1,0
437,"0",0,1,1,1,0,0,1,0,1,1,0,0,1,1,0,0,1,0,1
438,"1",0,1,1,1,0,0,1,0,1,1,0,0,1,1,0,0,1,0,1
439,"1",1,0,1,0,1,1,0,1,0,0,1,1,0,0,1,1,0,1,0
440,"1",0,1,1,1,0,0,1,0,1,1,0,0,1,1,0,0,1,0,1
441,"0",0,1,1,1,0,0,1,0,1,1,0,0,1,1,0,0,1,0,1
442,"0",1,0,1,0,1,1,0,1,0,0,1,1,0,0,1,1,0,1,0
443,"0",0,1,1,1,0,0,1,0,1,1,0,0,1,1,0,0,1,0,1
444,"1",1,0,1,0,1,1,0,1,0,0,1,1,0,0,1,1,0,1,0
445,"1",0,1,1,1,0,0,1,0,1,1,0,0,1,1,0,0,1,0,1
446,"0",0,1,1,1,0,0,1,0,1,1,0,0,1,1,0,0,1,0,1
447,"0",0,1,1,1,0,0,1,0,1,1,0,0,1,1,0,0,1,0,1
448,"0",0,1,1,1,0,0,1,0,1,1,0,0,1,1,0,0,1,0,1
449,"1",0,1,1,1,0,0,1,0,1,1,0,0,1,1,0,0,1,0,1
450,"1",0,1,1,1,0,0,1,0,1,1,0,0,1,1,0,0,1,0,1
451,"0",0,1,1,1,0,0,1,0,1,1,0,0,1,1,0,0,1,0,1
452,"1",0,1,1,1,0,0,1,0,1,1,0,0,1,1,0,0,1,0,1
453,"1",0,1,1,1,0,0,1,0,1,1,0,0,1,1,0,0,1,0,1
454,"1",1,0,1,0,1,1,0,1,0,0,1,1,0,0,1,1,0,1,0
455,"0",1,0,1,0,1,1,0,1,0,0,1,1,0,0,1,1,0,1,0
456,"0",1,0,1,0,1,1,0,1,0,0,1,1,0,0,1,1,0,1,0
457,"1",0,1,1,1,0,0,1,0,1,1,0,0,1,1,0,0,1,0,1
458,"0",0,1,1,1,0,0,1,0,1,1,0,0,1,1,0,0,1,0,1
459,"0",0,1,1,1,0,0,1,0,1,1,0,0,1,1,0,0,1,0,1
460,"1",0,1,1,1,0,0,1,0,1,1,0,0,1,1,0,0,1,0,1
461,"0",1,0,1,0,1,1,0,1,0,0,1,1,0,0,1,1,0,1,0
462,"1",1,0,1,0,1,1,0,1,0,0,1,1,0,0,1,1,0,1,0
463,"0",0,1,1,1,0,0,1,0,1,1,0,0,1,1,0,0,1,0,1
464,"0",1,0,1,0,1,1,0,1,0,0,1,1,0,0,1,1,0,1,0
465,"0",1,0,1,0,1,1,0,1,0,0,1,1,0,0,1,1,0,1,0
466,"0",1,0,1,0,1,1,0,1,0,0,1,1,0,0,1,1,0,1,0
467,"0",0,1,1,1,0,0,1,0,1,1,0,0,1,1,0,0,1,0,1
468,"0",0,1,1,1,0,0,1,0,1,1,0,0,1,1,0,0,1,0,1
469,"0",0,1,1,1,0,0,1,0,1,1,0,0,1,1,0,0,1,0,1
470,"1",0,1,1,1,0,0,1,0,1,1,0,0,1,1,0,0,1,0,1
471,"1",0,1,1,1,0,0,1,0,1,1,0,0,1,1,0,0,1,0,1
472,"0",0,1,1,1,0,0,1,0,1,1,0,0,1,1,0,0,1,0,1
473,"0",0,1,1,1,0,0,1,0,1,1,0,0,1,1,0,0,1,0,1
474,"1",0,1,1,1,0,0,1,0,1,1,0,0,1,1,0,0,1,0,1
475,"0",0,1,1,1,0,0,1,0,1,1,0,0,1,1,0,0,1,0,1
476,"1",0,1,1,1,0,0,1,0,1,1,0,0,1,1,0,0,1,0,1
477,"1",0,1,1,1,0,0,1,0,1,1,0,0,1,1,0,0,1,0,1
478,"1",0,1,1,1,0,0,1,0,1,1,0,0,1,1,0,0,1,0,1
479,"0",0,1,1,1,0,0,1,0,1,1,0,0,1,1,0,0,1,0,1
480,"0",1,0,1,0,1,1,0,1,0,0,1,1,0,0,1,1,0,1,0
481,"1",1,0,1,0,1,1,0,1,0,0,1,1,0,0,1,1,0,1,0
482,"0",1,0,1,0,1,1,0,1,0,0,1,1,0,0,1,1,0,1,0
483,"0",0,1,1,1,0,0,1,0,1,1,0,0,1,1,0,0,1,0,1
484,"0",0,1,1,1,0,0,1,0,1,1,0,0,1,1,0,0,1,0,1
485,"0",0,1,1,1,0,0,1,0,1,1,0,0,1,1,0,0,1,0,1
486,"0",1,0,1,0,1,1,0,1,0,0,1,1,0,0,1,1,0,1,0
487,"0",1,0,1,0,1,1,0,1,0,0,1,1,0,0,1,1,0,1,0
488,"1",0,1,1,1,0,0,1,0,1,1,0,0,1,1,0,0,1,0,1
489,"0",1,0,1,0,1,1,0,1,0,0,1,1,0,0,1,1,0,1,0
490,"0",1,0,1,0,1,1,0,1,0,0,1,1,0,0,1,1,0,1,0
491,"1",0,1,1,1,0,0,1,0,1,1,0,0,1,1,0,0,1,0,1
492,"0",0,1,1,1,0,0,1,0,1,1,0,0,1,1,0,0,1,0,1
493,"0",0,1,1,1,0,0,1,0,1,1,0,0,1,1,0,0,1,0,1
494,"0",0,1,1,1,0,0,1,0,1,1,0,0,1,1,0,0,1,0,1
495,"0",1,0,1,0,1,1,0,1,0,0,1,1,0,0,1,1,0,1,0
496,"0",1,0,1,0,1,1,0,1,0,0,1,1,0,0,1,1,0,1,0
497,"0",0,1,1,1,0,0,1,0,1,1,0,0,1,1,0,0,1,0,1
498,"1",0,1,1,1,0,0,1,0,1,1,0,0,1,1,0,0,1,0,1
499,"1",0,1,1,1,0,0,1,0,1,1,0,0,1,1,0,0,1,0,1
500,"0",1,0,1,0,1,1,0,1,0,0,1,1,0,0,1,1,0,1,0
501,"1",0,1,1,1,0,0,1,0,1,1,0,0,1,1,0,0,1,0,1
502,"0",1,0,1,0,1,1,0,1,0,0,1,1,0,0,1,1,0,1,0
503,"0",1,0,1,0,1,1,0,1,0,0,1,1,0,0,1,1,0,1,0
504,"1",1,0,1,0,1,1,0,1,0,0,1,1,0,0,1,1,0,1,0
505,"1",0,1,1,1,0,0,1,0,1,1,0,0,1,1,0,0,1,0,1
506,"0",1,0,1,0,1,1,0,1,0,0,1,1,0,0,1,1,0,1,0
507,"1",0,1,1,1,0,0,1,0,1,1,0,0,1,1,0,0,1,0,1
508,"0",0,1,1,1,0,0,1,0,1,1,0,0,1,1,0,0,1,0,1
509,"1",0,1,1,1,0,0,1,0,1,1,0,0,1,1,0,0,1,0,1
510,"1",0,1,1,1,0,0,1,0,1,1,0,0,1,1,0,0,1,0,1
511,"0",1,0,1,0,1,1,0,1,0,0,1,1,0,0,1,1,0,1,0
512,"1",1,0,1,0,1,1,0,1,0,0,1,1,0,0,1,1,0,1,0
513,"1",0,1,1,1,0,0,1,0,1,1,0,0,1,1,0,0,1,0,1
514,"0",0,1,1,1,0,0,1,0,1,1,0,0,1,1,0,0,1,0,1
515,"0",1,0,1,0,1,1,0,1,0,0,1,1,0,0,1,1,0,1,0
516,"1",0,1,1,1,0,0,1,0,1,1,0,0,1,1,0,0,1,0,1
517,"1",0,1,1,1,0,0,1,0,1,1,0,0,1,1,0,0,1,0,1
518,"0",1,0,1,0,1,1,0,1,0,0,1,1,0,0,1,1,0,1,0
519,"1",0,1,1,1,0,0,1,0,1,1,0,0,1,1,0,0,1,0,1
520,"1",1,0,1,0,1,1,0,1,0,0,1,1,0,0,1,1,0,1,0
521,"1",0,1,1,1,0,0,1,0,1,1,0,0,1,1,0,0,1,0,1
522,"0",0,1,1,1,0,0,1,0,1,1,0,0,1,1,0,0,1,0,1
523,"0",0,1,1,1,0,0,1,0,1,1,0,0,1,1,0,0,1,0,1
524,"0",0,1,1,1,0,0,1,0,1,1,0,0,1,1,0,0,1,0,1
525,"1",0,1,1,1,0,0,1,0,1,1,0,0,1,1,0,0,1,0,1
526,"1",0,1,1,1,0,0,1,0,1,1,0,0,1,1,0,0,1,0,1
527,"0",1,0,1,0,1,1,0,1,0,0,1,1,0,0,1,1,0,1,0
528,"0",1,0,1,0,1,1,0,1,0,0,1,1,0,0,1,1,0,1,0
529,"0",1,0,1,0,1,1,0,1,0,0,1,1,0,0,1,1,0,1,0
530,"0",1,0,1,0,1,1,0,1,0,0,1,1,0,0,1,1,0,1,0
531,"0",1,0,1,0,1,1,0,1,0,0,1,1,0,0,1,1,0,1,0
532,"0",0,1,1,1,0,0,1,0,1,1,0,0,1,1,0,0,1,0,1
533,"0",0,1,1,1,0,0,1,0,1,1,0,0,1,1,0,0,1,0,1
534,"0",0,1,1,1,0,0,1,0,1,1,0,0,1,1,0,0,1,0,1
535,"1",0,1,1,1,0,0,1,0,1,1,0,0,1,1,0,0,1,0,1
536,"1",0,1,1,1,0,0,1,0,1,1,0,0,1,1,0,0,1,0,1
537,"0",0,1,1,1,0,0,1,0,1,1,0,0,1,1,0,0,1,0,1
538,"0",1,0,1,0,1,1,0,1,0,0,1,1,0,0,1,1,0,1,0
539,"0",1,0,1,0,1,1,0,1,0,0,1,1,0,0,1,1,0,1,0
540,"1",0,1,1,1,0,0,1,0,1,1,0,0,1,1,0,0,1,0,1
541,"1",1,0,1,0,1,1,0,1,0,0,1,1,0,0,1,1,0,1,0
542,"0",1,0,1,0,1,1,0,1,0,0,1,1,0,0,1,1,0,1,0
543,"1",0,1,1,1,0,0,1,0,1,1,0,0,1,1,0,0,1,0,1
544,"1",1,0,1,0,1,1,0,1,0,0,1,1,0,0,1,1,0,1,0
545,"0",0,1,1,1,0,0,1,0,1,1,0,0,1,1,0,0,1,0,1
546,"0",1,0,1,0,1,1,0,1,0,0,1,1,0,0,1,1,0,1,0
547,"1",0,1,1,1,0,0,1,0,1,1,0,0,1,1,0,0,1,0,1
548,"1",0,1,1,1,0,0,1,0,1,1,0,0,1,1,0,0,1,0,1
549,"1",0,1,1,1,0,0,1,0,1,1,0,0,1,1,0,0,1,0,1
550,"0",1,0,1,0,1,1,0,1,0,0,1,1,0,0,1,1,0,1,0
551,"1",0,1,1,1,0,0,1,0,1,1,0,0,1,1,0,0,1,0,1
552,"1",0,1,1,1,0,0,1,0,1,1,0,0,1,1,0,0,1,0,1
553,"1",0,1,1,1,0,0,1,0,1,1,0,0,1,1,0,0,1,0,1
554,"1",0,1,1,1,0,0,1,0,1,1,0,0,1,1,0,0,1,0,1
555,"1",0,1,1,1,0,0,1,0,1,1,0,0,1,1,0,0,1,0,1
556,"1",0,1,1,1,0,0,1,0,1,1,0,0,1,1,0,0,1,0,1
557,"0",0,1,1,1,0,0,1,0,1,1,0,0,1,1,0,0,1,0,1
558,"1",0,1,1,1,0,0,1,0,1,1,0,0,1,1,0,0,1,0,1
559,"0",1,0,1,0,1,1,0,1,0,0,1,1,0,0,1,1,0,1,0
560,"0",0,1,1,1,0,0,1,0,1,1,0,0,1,1,0,0,1,0,1
561,"1",0,1,1,1,0,0,1,0,1,1,0,0,1,1,0,0,1,0,1
562,"0",0,1,1,1,0,0,1,0,1,1,0,0,1,1,0,0,1,0,1
563,"0",1,0,1,0,1,1,0,1,0,0,1,1,0,0,1,1,0,1,0
564,"0",0,1,1,1,0,0,1,0,1,1,0,0,1,1,0,0,1,0,1
565,"0",0,1,1,1,0,0,1,0,1,1,0,0,1,1,0,0,1,0,1
566,"1",0,1,1,1,0,0,1,0,1,1,0,0,1,1,0,0,1,0,1
567,"1",1,0,1,0,1,1,0,1,0,0,1,1,0,0,1,1,0,1,0
568,"0",1,0,1,0,1,1,0,1,0,0,1,1,0,0,1,1,0,1,0
569,"0",1,0,1,0,1,1,0,1,0,0,1,1,0,0,1,1,0,1,0
570,"1",0,1,1,1,0,0,1,0,1,1,0,0,1,1,0,0,1,0,1
571,"1",0,1,1,1,0,0,1,0,1,1,0,0,1,1,0,0,1,0,1
572,"0",0,1,1,1,0,0,1,0,1,1,0,0,1,1,0,0,1,0,1
573,"0",1,0,1,0,1,1,0,1,0,0,1,1,0,0,1,1,0,1,0
574,"0",1,0,1,0,1,1,0,1,0,0,1,1,0,0,1,1,0,1,0
575,"1",0,1,1,1,0,0,1,0,1,1,0,0,1,1,0,0,1,0,1
576,"1",1,0,1,0,1,1,0,1,0,0,1,1,0,0,1,1,0,1,0
577,"0",0,1,1,1,0,0,1,0,1,1,0,0,1,1,0,0,1,0,1
578,"0",1,0,1,0,1,1,0,1,0,0,1,1,0,0,1,1,0,1,0
579,"1",0,1,1,1,0,0,1,0,1,1,0,0,1,1,0,0,1,0,1
580,"1",0,1,1,1,0,0,1,0,1,1,0,0,1,1,0,0,1,0,1
581,"0",0,1,1,1,0,0,1,0,1,1,0,0,1,1,0,0,1,0,1
582,"1",0,1,1,1,0,0,1,0,1,1,0,0,1,1,0,0,1,0,1
583,"0",1,0,1,0,1,1,0,1,0,0,1,1,0,0,1,1,0,1,0
584,"1",0,1,1,1,0,0,1,0,1,1,0,0,1,1,0,0,1,0,1
585,"0",1,0,1,0,1,1,0,1,0,0,1,1,0,0,1,1,0,1,0
586,"0",0,1,1,1,0,0,1,0,1,1,0,0,1,1,0,0,1,0,1
587,"1",0,1,1,1,0,0,1,0,1,1,0,0,1,1,0,0,1,0,1
588,"0",1,0,1,0,1,1,0,1,0,0,1,1,0,0,1,1,0,1,0
589,"0",0,1,1,1,0,0,1,0,1,1,0,0,1,1,0,0,1,0,1
590,"0",1,0,1,0,1,1,0,1,0,0,1,1,0,0,1,1,0,1,0
591,"0",1,0,1,0,1,1,0,1,0,0,1,1,0,0,1,1,0,1,0
592,"1",1,0,1,0,1,1,0,1,0,0,1,1,0,0,1,1,0,1,0
593,"0",0,1,1,1,0,0,1,0,1,1,0,0,1,1,0,0,1,0,1
594,"0",0,1,1,1,0,0,1,0,1,1,0,0,1,1,0,0,1,0,1
595,"0",0,1,1,1,0,0,1,0,1,1,0,0,1,1,0,0,1,0,1
596,"1",1,0,1,0,1,1,0,1,0,0,1,1,0,0,1,1,0,1,0
597,"0",0,1,1,1,0,0,1,0,1,1,0,0,1,1,0,0,1,0,1
598,"1",0,1,1,1,0,0,1,0,1,1,0,0,1,1,0,0,1,0,1
599,"0",0,1,1,1,0,0,1,0,1,1,0,0,1,1,0,0,1,0,1
600,"0",0,1,1,1,0,0,1,0,1,1,0,0,1,1,0,0,1,0,1
601,"1",0,1,1,1,0,0,1,0,1,1,0,0,1,1,0,0,1,0,1
602,"0",1,0,1,0,1,1,0,1,0,0,1,1,0,0,1,1,0,1,0
603,"0",0,1,1,1,0,0,1,0,1,1,0,0,1,1,0,0,1,0,1
604,"0",1,0,1,0,1,1,0,1,0,0,1,1,0,0,1,1,0,1,0
605,"0",1,0,1,0,1,1,0,1,0,0,1,1,0,0,1,1,0,1,0
606,"0",1,0,1,0,1,1,0,1,0,0,1,1,0,0,1,1,0,1,0
607,"1",1,0,1,0,1,1,0,1,0,0,1,1,0,0,1,1,0,1,0
608,"0",0,1,1,1,0,0,1,0,1,1,0,0,1,1,0,0,1,0,1
609,"0",1,0,1,0,1,1,0,1,0,0,1,1,0,0,1,1,0,1,0
610,"1",0,1,1,1,0,0,1,0,1,1,0,0,1,1,0,0,1,0,1
611,"0",1,0,1,0,1,1,0,1,0,0,1,1,0,0,1,1,0,1,0
612,"0",0,1,1,1,0,0,1,0,1,1,0,0,1,1,0,0,1,0,1
613,"1",0,1,1,1,0,0,1,0,1,1,0,0,1,1,0,0,1,0,1
614,"0",0,1,1,1,0,0,1,0,1,1,0,0,1,1,0,0,1,0,1
615,"1",0,1,1,1,0,0,1,0,1,1,0,0,1,1,0,0,1,0,1
616,"1",0,1,1,1,0,0,1,0,1,1,0,0,1,1,0,0,1,0,1
617,"1",0,1,1,1,0,0,1,0,1,1,0,0,1,1,0,0,1,0,1
618,"1",0,1,1,1,0,0,1,0,1,1,0,0,1,1,0,0,1,0,1
619,"1",1,0,1,0,1,1,0,1,0,0,1,1,0,0,1,1,0,1,0
620,"1",0,1,1,1,0,0,1,0,1,1,0,0,1,1,0,0,1,0,1
621,"1",0,1,1,1,0,0,1,0,1,1,0,0,1,1,0,0,1,0,1
622,"0",1,0,1,0,1,1,0,1,0,0,1,1,0,0,1,1,0,1,0
623,"0",1,0,1,0,1,1,0,1,0,0,1,1,0,0,1,1,0,1,0
624,"1",1,0,1,0,1,1,0,1,0,0,1,1,0,0,1,1,0,1,0
625,"0",0,1,1,1,0,0,1,0,1,1,0,0,1,1,0,0,1,0,1
626,"1",1,0,1,0,1,1,0,1,0,0,1,1,0,0,1,1,0,1,0
627,"1",0,1,1,1,0,0,1,0,1,1,0,0,1,1,0,0,1,0,1
628,"0",0,1,1,1,0,0,1,0,1,1,0,0,1,1,0,0,1,0,1
629,"0",0,1,1,1,0,0,1,0,1,1,0,0,1,1,0,0,1,0,1
630,"1",1,0,1,0,1,1,0,1,0,0,1,1,0,0,1,1,0,1,0
631,"0",1,0,1,0,1,1,0,1,0,0,1,1,0,0,1,1,0,1,0
632,"1",0,1,1,1,0,0,1,0,1,1,0,0,1,1,0,0,1,0,1
633,"1",0,1,1,1,0,0,1,0,1,1,0,0,1,1,0,0,1,0,1
634,"0",1,0,1,0,1,1,0,1,0,0,1,1,0,0,1,1,0,1,0
635,"0",0,1,1,1,0,0,1,0,1,1,0,0,1,1,0,0,1,0,1
636,"1",0,1,1,1,0,0,1,0,1,1,0,0,1,1,0,0,1,0,1
637,"0",1,0,1,0,1,1,0,1,0,0,1,1,0,0,1,1,0,1,0
638,"1",0,1,1,1,0,0,1,0,1,1,0,0,1,1,0,0,1,0,1
639,"1",0,1,1,1,0,0,1,0,1,1,0,0,1,1,0,0,1,0,1
640,"0",0,1,1,1,0,0,1,0,1,1,0,0,1,1,0,0,1,0,1
641,"1",1,0,1,0,1,1,0,1,0,0,1,1,0,0,1,1,0,1,0
642,"1",0,1,1,1,0,0,1,0,1,1,0,0,1,1,0,0,1,0,1
643,"1",1,0,1,0,1,1,0,1,0,0,1,1,0,0,1,1,0,1,0
644,"0",1,0,1,0,1,1,0,1,0,0,1,1,0,0,1,1,0,1,0
645,"0",0,1,1,1,0,0,1,0,1,1,0,0,1,1,0,0,1,0,1
646,"1",1,0,1,0,1,1,0,1,0,0,1,1,0,0,1,1,0,1,0
647,"0",1,0,1,0,1,1,0,1,0,0,1,1,0,0,1,1,0,1,0
648,"0",0,1,1,1,0,0,1,0,1,1,0,0,1,1,0,0,1,0,1
649,"1",0,1,1,1,0,0,1,0,1,1,0,0,1,1,0,0,1,0,1
650,"0",0,1,1,1,0,0,1,0,1,1,0,0,1,1,0,0,1,0,1
651,"0",1,0,1,0,1,1,0,1,0,0,1,1,0,0,1,1,0,1,0
652,"0",1,0,1,0,1,1,0,1,0,0,1,1,0,0,1,1,0,1,0
653,"1",0,1,1,1,0,0,1,0,1,1,0,0,1,1,0,0,1,0,1
654,"0",0,1,1,1,0,0,1,0,1,1,0,0,1,1,0,0,1,0,1
655,"1",0,1,1,1,0,0,1,0,1,1,0,0,1,1,0,0,1,0,1
656,"1",0,1,1,1,0,0,1,0,1,1,0,0,1,1,0,0,1,0,1
657,"1",0,1,1,1,0,0,1,0,1,1,0,0,1,1,0,0,1,0,1
658,"1",0,1,1,1,0,0,1,0,1,1,0,0,1,1,0,0,1,0,1
659,"1",0,1,1,1,0,0,1,0,1,1,0,0,1,1,0,0,1,0,1
660,"1",0,1,1,1,0,0,1,0,1,1,0,0,1,1,0,0,1,0,1
661,"0",1,0,1,0,1,1,0,1,0,0,1,1,0,0,1,1,0,1,0
662,"0",1,0,1,0,1,1,0,1,0,0,1,1,0,0,1,1,0,1,0
663,"0",1,0,1,0,1,1,0,1,0,0,1,1,0,0,1,1,0,1,0
664,"0",0,1,1,1,0,0,1,0,1,1,0,0,1,1,0,0,1,0,1
665,"0",1,0,1,0,1,1,0,1,0,0,1,1,0,0,1,1,0,1,0
666,"1",0,1,1,1,0,0,1,0,1,1,0,0,1,1,0,0,1,0,1
667,"0",0,1,1,1,0,0,1,0,1,1,0,0,1,1,0,0,1,0,1
668,"1",0,1,1,1,0,0,1,0,1,1,0,0,1,1,0,0,1,0,1
669,"1",0,1,1,1,0,0,1,0,1,1,0,0,1,1,0,0,1,0,1
670,"1",0,1,1,1,0,0,1,0,1,1,0,0,1,1,0,0,1,0,1
671,"1",0,1,1,1,0,0,1,0,1,1,0,0,1,1,0,0,1,0,1
672,"0",1,0,1,0,1,1,0,1,0,0,1,1,0,0,1,1,0,1,0
673,"0",1,0,1,0,1,1,0,1,0,0,1,1,0,0,1,1,0,1,0
674,"1",1,0,1,0,1,1,0,1,0,0,1,1,0,0,1,1,0,1,0
675,"0",1,0,1,0,1,1,0,1,0,0,1,1,0,0,1,1,0,1,0
676,"1",0,1,1,1,0,0,1,0,1,1,0,0,1,1,0,0,1,0,1
677,"1",1,0,1,0,1,1,0,1,0,0,1,1,0,0,1,1,0,1,0
678,"1",0,1,1,1,0,0,1,0,1,1,0,0,1,1,0,0,1,0,1
679,"1",0,1,1,1,0,0,1,0,1,1,0,0,1,1,0,0,1,0,1
680,"0",1,0,1,0,1,1,0,1,0,0,1,1,0,0,1,1,0,1,0
681,"1",0,1,1,1,0,0,1,0,1,1,0,0,1,1,0,0,1,0,1
682,"0",0,1,1,1,0,0,1,0,1,1,0,0,1,1,0,0,1,0,1
683,"1",0,1,1,1,0,0,1,0,1,1,0,0,1,1,0,0,1,0,1
684,"0",1,0,1,0,1,1,0,1,0,0,1,1,0,0,1,1,0,1,0
685,"1",1,0,1,0,1,1,0,1,0,0,1,1,0,0,1,1,0,1,0
686,"1",0,1,1,1,0,0,1,0,1,1,0,0,1,1,0,0,1,0,1
687,"0",0,1,1,1,0,0,1,0,1,1,0,0,1,1,0,0,1,0,1
688,"1",0,1,1,1,0,0,1,0,1,1,0,0,1,1,0,0,1,0,1
689,"1",1,0,1,0,1,1,0,1,0,0,1,1,0,0,1,1,0,1,0
690,"0",1,0,1,0,1,1,0,1,0,0,1,1,0,0,1,1,0,1,0
691,"1",0,1,1,1,0,0,1,0,1,1,0,0,1,1,0,0,1,0,1
692,"0",0,1,1,1,0,0,1,0,1,1,0,0,1,1,0,0,1,0,1
693,"0",0,1,1,1,0,0,1,0,1,1,0,0,1,1,0,0,1,0,1
694,"0",1,0,1,0,1,1,0,1,0,0,1,1,0,0,1,1,0,1,0
695,"0",1,0,1,0,1,1,0,1,0,0,1,1,0,0,1,1,0,1,0
696,"0",1,0,1,0,1,1,0,1,0,0,1,1,0,0,1,1,0,1,0
697,"1",0,1,1,1,0,0,1,0,1,1,0,0,1,1,0,0,1,0,1
698,"0",1,0,1,0,1,1,0,1,0,0,1,1,0,0,1,1,0,1,0
699,"1",0,1,1,1,0,0,1,0,1,1,0,0,1,1,0,0,1,0,1
700,"0",1,0,1,0,1,1,0,1,0,0,1,1,0,0,1,1,0,1,0
701,"1",0,1,1,1,0,0,1,0,1,1,0,0,1,1,0,0,1,0,1
702,"0",1,0,1,0,1,1,0,1,0,0,1,1,0,0,1,1,0,1,0
703,"0",0,1,1,1,0,0,1,0,1,1,0,0,1,1,0,0,1,0,1
704,"0",0,1,1,1,0,0,1,0,1,1,0,0,1,1,0,0,1,0,1
705,"1",0,1,1,1,0,0,1,0,1,1,0,0,1,1,0,0,1,0,1
706,"1",0,1,1,1,0,0,1,0,1,1,0,0,1,1,0,0,1,0,1
707,"1",1,0,1,0,1,1,0,1,0,0,1,1,0,0,1,1,0,1,0
708,"0",1,0,1,0,1,1,0,1,0,0,1,1,0,0,1,1,0,1,0
709,"1",1,0,1,0,1,1,0,1,0,0,1,1,0,0,1,1,0,1,0
710,"1",0,1,1,1,0,0,1,0,1,1,0,0,1,1,0,0,1,0,1
711,"1",0,1,1,1,0,0,1,0,1,1,0,0,1,1,0,0,1,0,1
712,"1",0,1,1,1,0,0,1,0,1,1,0,0,1,1,0,0,1,0,1
713,"0",1,0,1,0,1,1,0,1,0,0,1,1,0,0,1,1,0,1,0
714,"1",0,1,1,1,0,0,1,0,1,1,0,0,1,1,0,0,1,0,1
715,"0",0,1,1,1,0,0,1,0,1,1,0,0,1,1,0,0,1,0,1
716,"1",0,1,1,1,0,0,1,0,1,1,0,0,1,1,0,0,1,0,1
717,"1",0,1,1,1,0,0,1,0,1,1,0,0,1,1,0,0,1,0,1
718,"1",1,0,1,0,1,1,0,1,0,0,1,1,0,0,1,1,0,1,0
719,"0",0,1,1,1,0,0,1,0,1,1,0,0,1,1,0,0,1,0,1
720,"0",0,1,1,1,0,0,1,0,1,1,0,0,1,1,0,0,1,0,1
721,"1",0,1,1,1,0,0,1,0,1,1,0,0,1,1,0,0,1,0,1
722,"0",1,0,1,0,1,1,0,1,0,0,1,1,0,0,1,1,0,1,0
723,"0",0,1,1,1,0,0,1,0,1,1,0,0,1,1,0,0,1,0,1
724,"1",0,1,1,1,0,0,1,0,1,1,0,0,1,1,0,0,1,0,1
725,"0",0,1,1,1,0,0,1,0,1,1,0,0,1,1,0,0,1,0,1
726,"0",0,1,1,1,0,0,1,0,1,1,0,0,1,1,0,0,1,0,1
727,"0",0,1,1,1,0,0,1,0,1,1,0,0,1,1,0,0,1,0,1
728,"0",0,1,1,1,0,0,1,0,1,1,0,0,1,1,0,0,1,0,1
729,"0",0,1,1,1,0,0,1,0,1,1,0,0,1,1,0,0,1,0,1
730,"0",0,1,1,1,0,0,1,0,1,1,0,0,1,1,0,0,1,0,1
731,"1",0,1,1,1,0,0,1,0,1,1,0,0,1,1,0,0,1,0,1
732,"0",1,0,1,0,1,1,0,1,0,0,1,1,0,0,1,1,0,1,0
733,"1",0,1,1,1,0,0,1,0,1,1,0,0,1,1,0,0,1,0,1
734,"0",1,0,1,0,1,1,0,1,0,0,1,1,0,0,1,1,0,1,0
735,"1",0,1,1,1,0,0,1,0,1,1,0,0,1,1,0,0,1,0,1
736,"0",0,1,1,1,0,0,1,0,1,1,0,0,1,1,0,0,1,0,1
737,"1",1,0,1,0,1,1,0,1,0,0,1,1,0,0,1,1,0,1,0
738,"0",0,1,1,1,0,0,1,0,1,1,0,0,1,1,0,0,1,0,1
739,"1",1,0,1,0,1,1,0,1,0,0,1,1,0,0,1,1,0,1,0
740,"1",1,0,1,0,1,1,0,1,0,0,1,1,0,0,1,1,0,1,0
741,"1",0,1,1,1,0,0,1,0,1,1,0,0,1,1,0,0,1,0,1
742,"1",0,1,1,1,0,0,1,0,1,1,0,0,1,1,0,0,1,0,1
743,"0",1,0,1,0,1,1,0,1,0,0,1,1,0,0,1,1,0,1,0
744,"1",0,1,1,1,0,0,1,0,1,1,0,0,1,1,0,0,1,0,1
745,"1",0,1,1,1,0,0,1,0,1,1,0,0,1,1,0,0,1,0,1
746,"0",0,1,1,1,0,0,1,0,1,1,0,0,1,1,0,0,1,0,1
747,"1",0,1,1,1,0,0,1,0,1,1,0,0,1,1,0,0,1,0,1
748,"0",1,0,1,0,1,1,0,1,0,0,1,1,0,0,1,1,0,1,0
749,"0",0,1,1,1,0,0,1,0,1,1,0,0,1,1,0,0,1,0,1
750,"0",1,0,1,0,1,1,0,1,0,0,1,1,0,0,1,1,0,1,0
751,"0",0,1,1,1,0,0,1,0,1,1,0,0,1,1,0,0,1,0,1
752,"0",1,0,1,0,1,1,0,1,0,0,1,1,0,0,1,1,0,1,0
753,"0",1,0,1,0,1,1,0,1,0,0,1,1,0,0,1,1,0,1,0
754,"0",1,0,1,0,1,1,0,1,0,0,1,1,0,0,1,1,0,1,0
755,"1",0,1,1,1,0,0,1,0,1,1,0,0,1,1,0,0,1,0,1
756,"0",0,1,1,1,0,0,1,0,1,1,0,0,1,1,0,0,1,0,1
757,"0",0,1,1,1,0,0,1,0,1,1,0,0,1,1,0,0,1,0,1
758,"1",1,0,1,0,1,1,0,1,0,0,1,1,0,0,1,1,0,1,0
759,"1",0,1,1,1,0,0,1,0,1,1,0,0,1,1,0,0,1,0,1
760,"1",0,1,1,1,0,0,1,0,1,1,0,0,1,1,0,0,1,0,1
761,"0",1,0,1,0,1,1,0,1,0,0,1,1,0,0,1,1,0,1,0
762,"1",0,1,1,1,0,0,1,0,1,1,0,0,1,1,0,0,1,0,1
763,"0",0,1,1,1,0,0,1,0,1,1,0,0,1,1,0,0,1,0,1
764,"0",0,1,1,1,0,0,1,0,1,1,0,0,1,1,0,0,1,0,1
765,"0",0,1,1,1,0,0,1,0,1,1,0,0,1,1,0,0,1,0,1
766,"0",0,1,1,1,0,0,1,0,1,1,0,0,1,1,0,0,1,0,1
767,"0",0,1,1,1,0,0,1,0,1,1,0,0,1,1,0,0,1,0,1
768,"0",1,0,1,0,1,1,0,1,0,0,1,1,0,0,1,1,0,1,0
769,"0",1,0,1,0,1,1,0,1,0,0,1,1,0,0,1,1,0,1,0
770,"0",0,1,1,1,0,0,1,0,1,1,0,0,1,1,0,0,1,0,1
771,"1",0,1,1,1,0,0,1,0,1,1,0,0,1,1,0,0,1,0,1
772,"1",0,1,1,1,0,0,1,0,1,1,0,0,1,1,0,0,1,0,1
773,"1",1,0,1,0,1,1,0,1,0,0,1,1,0,0,1,1,0,1,0
774,"1",0,1,1,1,0,0,1,0,1,1,0,0,1,1,0,0,1,0,1
775,"1",0,1,1,1,0,0,1,0,1,1,0,0,1,1,0,0,1,0,1
776,"0",1,0,1,0,1,1,0,1,0,0,1,1,0,0,1,1,0,1,0
777,"0",1,0,1,0,1,1,0,1,0,0,1,1,0,0,1,1,0,1,0
778,"1",1,0,1,0,1,1,0,1,0,0,1,1,0,0,1,1,0,1,0
779,"1",1,0,1,0,1,1,0,1,0,0,1,1,0,0,1,1,0,1,0
780,"0",1,0,1,0,1,1,0,1,0,0,1,1,0,0,1,1,0,1,0
781,"0",0,1,1,1,0,0,1,0,1,1,0,0,1,1,0,0,1,0,1
782,"0",0,1,1,1,0,0,1,0,1,1,0,0,1,1,0,0,1,0,1
783,"0",0,1,1,1,0,0,1,0,1,1,0,0,1,1,0,0,1,0,1
784,"0",0,1,1,1,0,0,1,0,1,1,0,0,1,1,0,0,1,0,1
785,"0",0,1,1,1,0,0,1,0,1,1,0,0,1,1,0,0,1,0,1
786,"1",0,1,1,1,0,0,1,0,1,1,0,0,1,1,0,0,1,0,1
787,"0",0,1,1,1,0,0,1,0,1,1,0,0,1,1,0,0,1,0,1
788,"1",0,1,1,1,0,0,1,0,1,1,0,0,1,1,0,0,1,0,1
789,"0",1,0,1,0,1,1,0,1,0,0,1,1,0,0,1,1,0,1,0
790,"1",0,1,1,1,0,0,1,0,1,1,0,0,1,1,0,0,1,0,1
791,"0",0,1,1,1,0,0,1,0,1,1,0,0,1,1,0,0,1,0,1
792,"0",1,0,1,0,1,1,0,1,0,0,1,1,0,0,1,1,0,1,0
793,"0",0,1,1,1,0,0,1,0,1,1,0,0,1,1,0,0,1,0,1
794,"0",1,0,1,0,1,1,0,1,0,0,1,1,0,0,1,1,0,1,0
795,"0",0,1,1,1,0,0,1,0,1,1,0,0,1,1,0,0,1,0,1
796,"1",1,0,1,0,1,1,0,1,0,0,1,1,0,0,1,1,0,1,0
797,"0",0,1,1,1,0,0,1,0,1,1,0,0,1,1,0,0,1,0,1
798,"0",0,1,1,1,0,0,1,0,1,1,0,0,1,1,0,0,1,0,1
799,"0",1,0,1,0,1,1,0,1,0,0,1,1,0,0,1,1,0,1,0
800,"0",1,0,1,0,1,1,0,1,0,0,1,1,0,0,1,1,0,1,0
801,"1",1,0,1,0,1,1,0,1,0,0,1,1,0,0,1,1,0,1,0
802,"0",1,0,1,0,1,1,0,1,0,0,1,1,0,0,1,1,0,1,0
803,"1",1,0,1,0,1,1,0,1,0,0,1,1,0,0,1,1,0,1,0
804,"1",1,0,1,0,1,1,0,1,0,0,1,1,0,0,1,1,0,1,0
805,"1",0,1,1,1,0,0,1,0,1,1,0,0,1,1,0,0,1,0,1
806,"0",0,1,1,1,0,0,1,0,1,1,0,0,1,1,0,0,1,0,1
807,"0",1,0,1,0,1,1,0,1,0,0,1,1,0,0,1,1,0,1,0
808,"0",0,1,1,1,0,0,1,0,1,1,0,0,1,1,0,0,1,0,1
809,"1",1,0,1,0,1,1,0,1,0,0,1,1,0,0,1,1,0,1,0
810,"1",0,1,1,1,0,0,1,0,1,1,0,0,1,1,0,0,1,0,1
811,"1",0,1,1,1,0,0,1,0,1,1,0,0,1,1,0,0,1,0,1
812,"0",1,0,1,0,1,1,0,1,0,0,1,1,0,0,1,1,0,1,0
813,"1",0,1,1,1,0,0,1,0,1,1,0,0,1,1,0,0,1,0,1
814,"0",0,1,1,1,0,0,1,0,1,1,0,0,1,1,0,0,1,0,1
815,"1",0,1,1,1,0,0,1,0,1,1,0,0,1,1,0,0,1,0,1
816,"0",0,1,1,1,0,0,1,0,1,1,0,0,1,1,0,0,1,0,1
817,"0",0,1,1,1,0,0,1,0,1,1,0,0,1,1,0,0,1,0,1
818,"0",1,0,1,0,1,1,0,1,0,0,1,1,0,0,1,1,0,1,0
819,"0",0,1,1,1,0,0,1,0,1,1,0,0,1,1,0,0,1,0,1
820,"0",0,1,1,1,0,0,1,0,1,1,0,0,1,1,0,0,1,0,1
821,"0",0,1,1,1,0,0,1,0,1,1,0,0,1,1,0,0,1,0,1
822,"1",0,1,1,1,0,0,1,0,1,1,0,0,1,1,0,0,1,0,1
823,"1",0,1,1,1,0,0,1,0,1,1,0,0,1,1,0,0,1,0,1
824,"0",1,0,1,0,1,1,0,1,0,0,1,1,0,0,1,1,0,1,0
825,"1",0,1,1,1,0,0,1,0,1,1,0,0,1,1,0,0,1,0,1
826,"0",0,1,1,1,0,0,1,0,1,1,0,0,1,1,0,0,1,0,1
827,"1",0,1,1,1,0,0,1,0,1,1,0,0,1,1,0,0,1,0,1
828,"1",0,1,1,1,0,0,1,0,1,1,0,0,1,1,0,0,1,0,1
829,"0",1,0,1,0,1,1,0,1,0,0,1,1,0,0,1,1,0,1,0
830,"0",1,0,1,0,1,1,0,1,0,0,1,1,0,0,1,1,0,1,0
831,"0",1,0,1,0,1,1,0,1,0,0,1,1,0,0,1,1,0,1,0
832,"1",0,1,1,1,0,0,1,0,1,1,0,0,1,1,0,0,1,0,1
833,"0",1,0,1,0,1,1,0,1,0,0,1,1,0,0,1,1,0,1,0
834,"0",0,1,1,1,0,0,1,0,1,1,0,0,1,1,0,0,1,0,1
835,"0",0,1,1,1,0,0,1,0,1,1,0,0,1,1,0,0,1,0,1
836,"0",1,0,1,0,1,1,0,1,0,0,1,1,0,0,1,1,0,1,0
837,"1",0,1,1,1,0,0,1,0,1,1,0,0,1,1,0,0,1,0,1
838,"1",0,1,1,1,0,0,1,0,1,1,0,0,1,1,0,0,1,0,1
839,"0",0,1,1,1,0,0,1,0,1,1,0,0,1,1,0,0,1,0,1
840,"0",0,1,1,1,0,0,1,0,1,1,0,0,1,1,0,0,1,0,1
841,"1",0,1,1,1,0,0,1,0,1,1,0,0,1,1,0,0,1,0,1
842,"1",0,1,1,1,0,0,1,0,1,1,0,0,1,1,0,0,1,0,1
843,"1",0,1,1,1,0,0,1,0,1,1,0,0,1,1,0,0,1,0,1
844,"0",1,0,1,0,1,1,0,1,0,0,1,1,0,0,1,1,0,1,0
845,"1",0,1,1,1,0,0,1,0,1,1,0,0,1,1,0,0,1,0,1
846,"0",1,0,1,0,1,1,0,1,0,0,1,1,0,0,1,1,0,1,0
847,"0",1,0,1,0,1,1,0,1,0,0,1,1,0,0,1,1,0,1,0
848,"1",0,1,1,1,0,0,1,0,1,1,0,0,1,1,0,0,1,0,1
849,"1",0,1,1,1,0,0,1,0,1,1,0,0,1,1,0,0,1,0,1
850,"1",0,1,1,1,0,0,1,0,1,1,0,0,1,1,0,0,1,0,1
851,"0",0,1,1,1,0,0,1,0,1,1,0,0,1,1,0,0,1,0,1
852,"1",0,1,1,1,0,0,1,0,1,1,0,0,1,1,0,0,1,0,1
853,"0",1,0,1,0,1,1,0,1,0,0,1,1,0,0,1,1,0,1,0
854,"0",1,0,1,0,1,1,0,1,0,0,1,1,0,0,1,1,0,1,0
855,"1",0,1,1,1,0,0,1,0,1,1,0,0,1,1,0,0,1,0,1
856,"1",1,0,1,0,1,1,0,1,0,0,1,1,0,0,1,1,0,1,0
857,"1",0,1,1,1,0,0,1,0,1,1,0,0,1,1,0,0,1,0,1
858,"0",0,1,1,1,0,0,1,0,1,1,0,0,1,1,0,0,1,0,1
859,"0",0,1,1,1,0,0,1,0,1,1,0,0,1,1,0,0,1,0,1
860,"1",1,0,1,0,1,1,0,1,0,0,1,1,0,0,1,1,0,1,0
861,"1",1,0,1,0,1,1,0,1,0,0,1,1,0,0,1,1,0,1,0
862,"1",0,1,1,1,0,0,1,0,1,1,0,0,1,1,0,0,1,0,1
863,"0",0,1,1,1,0,0,1,0,1,1,0,0,1,1,0,0,1,0,1
864,"1",0,1,1,1,0,0,1,0,1,1,0,0,1,1,0,0,1,0,1
865,"1",0,1,1,1,0,0,1,0,1,1,0,0,1,1,0,0,1,0,1
866,"1",0,1,1,1,0,0,1,0,1,1,0,0,1,1,0,0,1,0,1
867,"1",0,1,1,1,0,0,1,0,1,1,0,0,1,1,0,0,1,0,1
868,"0",0,1,1,1,0,0,1,0,1,1,0,0,1,1,0,0,1,0,1
869,"1",1,0,1,0,1,1,0,1,0,0,1,1,0,0,1,1,0,1,0
870,"0",0,1,1,1,0,0,1,0,1,1,0,0,1,1,0,0,1,0,1
871,"1",0,1,1,1,0,0,1,0,1,1,0,0,1,1,0,0,1,0,1
872,"0",1,0,1,0,1,1,0,1,0,0,1,1,0,0,1,1,0,1,0
873,"0",1,0,1,0,1,1,0,1,0,0,1,1,0,0,1,1,0,1,0
874,"0",0,1,1,1,0,0,1,0,1,1,0,0,1,1,0,0,1,0,1
875,"1",0,1,1,1,0,0,1,0,1,1,0,0,1,1,0,0,1,0,1
876,"0",1,0,1,0,1,1,0,1,0,0,1,1,0,0,1,1,0,1,0
877,"0",1,0,1,0,1,1,0,1,0,0,1,1,0,0,1,1,0,1,0
878,"1",0,1,1,1,0,0,1,0,1,1,0,0,1,1,0,0,1,0,1
879,"0",0,1,1,1,0,0,1,0,1,1,0,0,1,1,0,0,1,0,1
880,"1",1,0,1,0,1,1,0,1,0,0,1,1,0,0,1,1,0,1,0
881,"1",1,0,1,0,1,1,0,1,0,0,1,1,0,0,1,1,0,1,0
882,"0",0,1,1,1,0,0,1,0,1,1,0,0,1,1,0,0,1,0,1
883,"1",0,1,1,1,0,0,1,0,1,1,0,0,1,1,0,0,1,0,1
884,"0",1,0,1,0,1,1,0,1,0,0,1,1,0,0,1,1,0,1,0
885,"0",1,0,1,0,1,1,0,1,0,0,1,1,0,0,1,1,0,1,0
886,"0",1,0,1,0,1,1,0,1,0,0,1,1,0,0,1,1,0,1,0
887,"0",1,0,1,0,1,1,0,1,0,0,1,1,0,0,1,1,0,1,0
888,"0",0,1,1,1,0,0,1,0,1,1,0,0,1,1,0,0,1,0,1
889,"0",1,0,1,0,1,1,0,1,0,0,1,1,0,0,1,1,0,1,0
890,"1",0,1,1,1,0,0,1,0,1,1,0,0,1,1,0,0,1,0,1
891,"0",1,0,1,0,1,1,0,1,0,0,1,1,0,0,1,1,0,1,0
892,"0",0,1,1,1,0,0,1,0,1,1,0,0,1,1,0,0,1,0,1
893,"0",0,1,1,1,0,0,1,0,1,1,0,0,1,1,0,0,1,0,1
894,"1",0,1,1,1,0,0,1,0,1,1,0,0,1,1,0,0,1,0,1
895,"0",1,0,1,0,1,1,0,1,0,0,1,1,0,0,1,1,0,1,0
896,"1",0,1,1,1,0,0,1,0,1,1,0,0,1,1,0,0,1,0,1
897,"1",0,1,1,1,0,0,1,0,1,1,0,0,1,1,0,0,1,0,1
898,"1",0,1,1,1,0,0,1,0,1,1,0,0,1,1,0,0,1,0,1
899,"1",0,1,1,1,0,0,1,0,1,1,0,0,1,1,0,0,1,0,1
900,"0",1,0,1,0,1,1,0,1,0,0,1,1,0,0,1,1,0,1,0
901,"0",0,1,1,1,0,0,1,0,1,1,0,0,1,1,0,0,1,0,1
902,"0",1,0,1,0,1,1,0,1,0,0,1,1,0,0,1,1,0,1,0
903,"1",1,0,1,0,1,1,0,1,0,0,1,1,0,0,1,1,0,1,0
904,"0",1,0,1,0,1,1,0,1,0,0,1,1,0,0,1,1,0,1,0
905,"1",1,0,1,0,1,1,0,1,0,0,1,1,0,0,1,1,0,1,0
906,"0",0,1,1,1,0,0,1,0,1,1,0,0,1,1,0,0,1,0,1
907,"1",0,1,1,1,0,0,1,0,1,1,0,0,1,1,0,0,1,0,1
908,"0",1,0,1,0,1,1,0,1,0,0,1,1,0,0,1,1,0,1,0
909,"0",0,1,1,1,0,0,1,0,1,1,0,0,1,1,0,0,1,0,1
910,"0",0,1,1,1,0,0,1,0,1,1,0,0,1,1,0,0,1,0,1
911,"0",1,0,1,0,1,1,0,1,0,0,1,1,0,0,1,1,0,1,0
912,"0",0,1,1,1,0,0,1,0,1,1,0,0,1,1,0,0,1,0,1
913,"0",0,1,1,1,0,0,1,0,1,1,0,0,1,1,0,0,1,0,1
914,"0",1,0,1,0,1,1,0,1,0,0,1,1,0,0,1,1,0,1,0
915,"1",1,0,1,0,1,1,0,1,0,0,1,1,0,0,1,1,0,1,0
916,"0",0,1,1,1,0,0,1,0,1,1,0,0,1,1,0,0,1,0,1
917,"1",0,1,1,1,0,0,1,0,1,1,0,0,1,1,0,0,1,0,1
918,"1",1,0,1,0,1,1,0,1,0,0,1,1,0,0,1,1,0,1,0
919,"1",0,1,1,1,0,0,1,0,1,1,0,0,1,1,0,0,1,0,1
920,"0",1,0,1,0,1,1,0,1,0,0,1,1,0,0,1,1,0,1,0
921,"1",0,1,1,1,0,0,1,0,1,1,0,0,1,1,0,0,1,0,1
922,"1",0,1,1,1,0,0,1,0,1,1,0,0,1,1,0,0,1,0,1
923,"1",0,1,1,1,0,0,1,0,1,1,0,0,1,1,0,0,1,0,1
924,"0",0,1,1,1,0,0,1,0,1,1,0,0,1,1,0,0,1,0,1
925,"1",0,1,1,1,0,0,1,0,1,1,0,0,1,1,0,0,1,0,1
926,"1",1,0,1,0,1,1,0,1,0,0,1,1,0,0,1,1,0,1,0
927,"1",0,1,1,1,0,0,1,0,1,1,0,0,1,1,0,0,1,0,1
928,"1",0,1,1,1,0,0,1,0,1,1,0,0,1,1,0,0,1,0,1
929,"1",0,1,1,1,0,0,1,0,1,1,0,0,1,1,0,0,1,0,1
930,"0",0,1,1,1,0,0,1,0,1,1,0,0,1,1,0,0,1,0,1
931,"0",0,1,1,1,0,0,1,0,1,1,0,0,1,1,0,0,1,0,1
932,"1",0,1,1,1,0,0,1,0,1,1,0,0,1,1,0,0,1,0,1
933,"0",1,0,1,0,1,1,0,1,0,0,1,1,0,0,1,1,0,1,0
934,"1",0,1,1,1,0,0,1,0,1,1,0,0,1,1,0,0,1,0,1
935,"0",1,0,1,0,1,1,0,1,0,0,1,1,0,0,1,1,0,1,0
936,"1",1,0,1,0,1,1,0,1,0,0,1,1,0,0,1,1,0,1,0
937,"0",1,0,1,0,1,1,0,1,0,0,1,1,0,0,1,1,0,1,0
938,"0",0,1,1,1,0,0,1,0,1,1,0,0,1,1,0,0,1,0,1
939,"0",1,0,1,0,1,1,0,1,0,0,1,1,0,0,1,1,0,1,0
940,"1",1,0,1,0,1,1,0,1,0,0,1,1,0,0,1,1,0,1,0
941,"1",0,1,1,1,0,0,1,0,1,1,0,0,1,1,0,0,1,0,1
942,"0",1,0,1,0,1,1,0,1,0,0,1,1,0,0,1,1,0,1,0
943,"0",0,1,1,1,0,0,1,0,1,1,0,0,1,1,0,0,1,0,1
944,"1",0,1,1,1,0,0,1,0,1,1,0,0,1,1,0,0,1,0,1
945,"1",0,1,1,1,0,0,1,0,1,1,0,0,1,1,0,0,1,0,1
946,"1",0,1,1,1,0,0,1,0,1,1,0,0,1,1,0,0,1,0,1
947,"0",1,0,1,0,1,1,0,1,0,0,1,1,0,0,1,1,0,1,0
948,"1",0,1,1,1,0,0,1,0,1,1,0,0,1,1,0,0,1,0,1
949,"1",1,0,1,0,1,1,0,1,0,0,1,1,0,0,1,1,0,1,0
950,"1",0,1,1,1,0,0,1,0,1,1,0,0,1,1,0,0,1,0,1
951,"1",1,0,1,0,1,1,0,1,0,0,1,1,0,0,1,1,0,1,0
952,"0",1,0,1,0,1,1,0,1,0,0,1,1,0,0,1,1,0,1,0
953,"0",0,1,1,1,0,0,1,0,1,1,0,0,1,1,0,0,1,0,1
954,"1",0,1,1,1,0,0,1,0,1,1,0,0,1,1,0,0,1,0,1
955,"1",1,0,1,0,1,1,0,1,0,0,1,1,0,0,1,1,0,1,0
956,"0",1,0,1,0,1,1,0,1,0,0,1,1,0,0,1,1,0,1,0
957,"0",0,1,1,1,0,0,1,0,1,1,0,0,1,1,0,0,1,0,1
958,"0",0,1,1,1,0,0,1,0,1,1,0,0,1,1,0,0,1,0,1
959,"1",1,0,1,0,1,1,0,1,0,0,1,1,0,0,1,1,0,1,0
960,"1",0,1,1,1,0,0,1,0,1,1,0,0,1,1,0,0,1,0,1
961,"1",0,1,1,1,0,0,1,0,1,1,0,0,1,1,0,0,1,0,1
962,"0",1,0,1,0,1,1,0,1,0,0,1,1,0,0,1,1,0,1,0
963,"1",0,1,1,1,0,0,1,0,1,1,0,0,1,1,0,0,1,0,1
964,"0",1,0,1,0,1,1,0,1,0,0,1,1,0,0,1,1,0,1,0
965,"0",0,1,1,1,0,0,1,0,1,1,0,0,1,1,0,0,1,0,1
966,"1",0,1,1,1,0,0,1,0,1,1,0,0,1,1,0,0,1,0,1
967,"1",0,1,1,1,0,0,1,0,1,1,0,0,1,1,0,0,1,0,1
968,"1",0,1,1,1,0,0,1,0,1,1,0,0,1,1,0,0,1,0,1
969,"1",0,1,1,1,0,0,1,0,1,1,0,0,1,1,0,0,1,0,1
970,"0",1,0,1,0,1,1,0,1,0,0,1,1,0,0,1,1,0,1,0
971,"0",0,1,1,1,0,0,1,0,1,1,0,0,1,1,0,0,1,0,1
972,"1",0,1,1,1,0,0,1,0,1,1,0,0,1,1,0,0,1,0,1
973,"0",1,0,1,0,1,1,0,1,0,0,1,1,0,0,1,1,0,1,0
974,"0",0,1,1,1,0,0,1,0,1,1,0,0,1,1,0,0,1,0,1
975,"1",0,1,1,1,0,0,1,0,1,1,0,0,1,1,0,0,1,0,1
976,"1",0,1,1,1,0,0,1,0,1,1,0,0,1,1,0,0,1,0,1
977,"1",0,1,1,1,0,0,1,0,1,1,0,0,1,1,0,0,1,0,1
978,"1",1,0,1,0,1,1,0,1,0,0,1,1,0,0,1,1,0,1,0
979,"0",0,1,1,1,0,0,1,0,1,1,0,0,1,1,0,0,1,0,1
980,"0",1,0,1,0,1,1,0,1,0,0,1,1,0,0,1,1,0,1,0
981,"0",0,1,1,1,0,0,1,0,1,1,0,0,1,1,0,0,1,0,1
982,"0",0,1,1,1,0,0,1,0,1,1,0,0,1,1,0,0,1,0,1
983,"1",0,1,1,1,0,0,1,0,1,1,0,0,1,1,0,0,1,0,1
984,"1",0,1,1,1,0,0,1,0,1,1,0,0,1,1,0,0,1,0,1
985,"1",0,1,1,1,0,0,1,0,1,1,0,0,1,1,0,0,1,0,1
986,"0",0,1,1,1,0,0,1,0,1,1,0,0,1,1,0,0,1,0,1
987,"0",1,0,1,0,1,1,0,1,0,0,1,1,0,0,1,1,0,1,0
988,"1",0,1,1,1,0,0,1,0,1,1,0,0,1,1,0,0,1,0,1
989,"1",0,1,1,1,0,0,1,0,1,1,0,0,1,1,0,0,1,0,1
990,"0",0,1,1,1,0,0,1,0,1,1,0,0,1,1,0,0,1,0,1
991,"1",0,1,1,1,0,0,1,0,1,1,0,0,1,1,0,0,1,0,1
992,"0",0,1,1,1,0,0,1,0,1,1,0,0,1,1,0,0,1,0,1
993,"0",1,0,1,0,1,1,0,1,0,0,1,1,0,0,1,1,0,1,0
994,"1",0,1,1,1,0,0,1,0,1,1,0,0,1,1,0,0,1,0,1
995,"0",1,0,1,0,1,1,0,1,0,0,1,1,0,0,1,1,0,1,0
996,"1",1,0,1,0,1,1,0,1,0,0,1,1,0,0,1,1,0,1,0
997,"0",1,0,1,0,1,1,0,1,0,0,1,1,0,0,1,1,0,1,0
998,"0",1,0,1,0,1,1,0,1,0,0,1,1,0,0,1,1,0,1,0
999,"1",0,1,1,1,0,0,1,0,1,1,0,0,1,1,0,0,1,0,1
1000,"1",0,1,1,1,0,0,1,0,1,1,0,0,1,1,0,0,1,0,1
1001,"1",0,1,1,1,0,0,1,0,1,1,0,0,1,1,0,0,1,0,1
1002,"1",0,1,1,1,0,0,1,0,1,1,0,0,1,1,0,0,1,0,1
1003,"0",0,1,1,1,0,0,1,0,1,1,0,0,1,1,0,0,1,0,1
1004,"1",0,1,1,1,0,0,1,0,1,1,0,0,1,1,0,0,1,0,1
1005,"0",0,1,1,1,0,0,1,0,1,1,0,0,1,1,0,0,1,0,1
1006,"0",0,1,1,1,0,0,1,0,1,1,0,0,1,1,0,0,1,0,1
1007,"1",0,1,1,1,0,0,1,0,1,1,0,0,1,1,0,0,1,0,1
1008,"0",0,1,1,1,0,0,1,0,1,1,0,0,1,1,0,0,1,0,1
1009,"1",0,1,1,1,0,0,1,0,1,1,0,0,1,1,0,0,1,0,1
1010,"0",0,1,1,1,0,0,1,0,1,1,0,0,1,1,0,0,1,0,1
1011,"0",1,0,1,0,1,1,0,1,0,0,1,1,0,0,1,1,0,1,0
1012,"0",0,1,1,1,0,0,1,0,1,1,0,0,1,1,0,0,1,0,1
1013,"0",1,0,1,0,1,1,0,1,0,0,1,1,0,0,1,1,0,1,0
1014,"0",1,0,1,0,1,1,0,1,0,0,1,1,0,0,1,1,0,1,0
1015,"0",0,1,1,1,0,0,1,0,1,1,0,0,1,1,0,0,1,0,1
1016,"0",1,0,1,0,1,1,0,1,0,0,1,1,0,0,1,1,0,1,0
1017,"0",0,1,1,1,0,0,1,0,1,1,0,0,1,1,0,0,1,0,1
1018,"0",1,0,1,0,1,1,0,1,0,0,1,1,0,0,1,1,0,1,0
1019,"0",1,0,1,0,1,1,0,1,0,0,1,1,0,0,1,1,0,1,0
1020,"0",1,0,1,0,1,1,0,1,0,0,1,1,0,0,1,1,0,1,0
1021,"0",0,1,1,1,0,0,1,0,1,1,0,0,1,1,0,0,1,0,1
1022,"1",0,1,1,1,0,0,1,0,1,1,0,0,1,1,0,0,1,0,1
1023,"0",1,0,1,0,1,1,0,1,0,0,1,1,0,0,1,1,0,1,0
1024,"1",0,1,1,1,0,0,1,0,1,1,0,0,1,1,0,0,1,0,1
1025,"1",1,0,1,0,1,1,0,1,0,0,1,1,0,0,1,1,0,1,0
1026,"0",1,0,1,0,1,1,0,1,0,0,1,1,0,0,1,1,0,1,0
1027,"1",0,1,1,1,0,0,1,0,1,1,0,0,1,1,0,0,1,0,1
1028,"1",0,1,1,1,0,0,1,0,1,1,0,0,1,1,0,0,1,0,1
1029,"0",0,1,1,1,0,0,1,0,1,1,0,0,1,1,0,0,1,0,1
1030,"0",0,1,1,1,0,0,1,0,1,1,0,0,1,1,0,0,1,0,1
1031,"0",1,0,1,0,1,1,0,1,0,0,1,1,0,0,1,1,0,1,0
1032,"0",0,1,1,1,0,0,1,0,1,1,0,0,1,1,0,0,1,0,1
1033,"0",1,0,1,0,1,1,0,1,0,0,1,1,0,0,1,1,0,1,0
1034,"0",1,0,1,0,1,1,0,1,0,0,1,1,0,0,1,1,0,1,0
1035,"0",0,1,1,1,0,0,1,0,1,1,0,0,1,1,0,0,1,0,1
1036,"1",0,1,1,1,0,0,1,0,1,1,0,0,1,1,0,0,1,0,1
1037,"1",1,0,1,0,1,1,0,1,0,0,1,1,0,0,1,1,0,1,0
1038,"1",0,1,1,1,0,0,1,0,1,1,0,0,1,1,0,0,1,0,1
1039,"1",1,0,1,0,1,1,0,1,0,0,1,1,0,0,1,1,0,1,0
1040,"1",1,0,1,0,1,1,0,1,0,0,1,1,0,0,1,1,0,1,0
1041,"0",0,1,1,1,0,0,1,0,1,1,0,0,1,1,0,0,1,0,1
1042,"0",0,1,1,1,0,0,1,0,1,1,0,0,1,1,0,0,1,0,1
1043,"0",1,0,1,0,1,1,0,1,0,0,1,1,0,0,1,1,0,1,0
1044,"1",0,1,1,1,0,0,1,0,1,1,0,0,1,1,0,0,1,0,1
1045,"1",1,0,1,0,1,1,0,1,0,0,1,1,0,0,1,1,0,1,0
1046,"1",0,1,1,1,0,0,1,0,1,1,0,0,1,1,0,0,1,0,1
1047,"0",0,1,1,1,0,0,1,0,1,1,0,0,1,1,0,0,1,0,1
1048,"0",0,1,1,1,0,0,1,0,1,1,0,0,1,1,0,0,1,0,1
1049,"1",0,1,1,1,0,0,1,0,1,1,0,0,1,1,0,0,1,0,1
1050,"0",1,0,1,0,1,1,0,1,0,0,1,1,0,0,1,1,0,1,0
1051,"1",0,1,1,1,0,0,1,0,1,1,0,0,1,1,0,0,1,0,1
1052,"1",0,1,1,1,0,0,1,0,1,1,0,0,1,1,0,0,1,0,1
1053,"1",1,0,1,0,1,1,0,1,0,0,1,1,0,0,1,1,0,1,0
1054,"0",1,0,1,0,1,1,0,1,0,0,1,1,0,0,1,1,0,1,0
1055,"1",0,1,1,1,0,0,1,0,1,1,0,0,1,1,0,0,1,0,1
1056,"1",1,0,1,0,1,1,0,1,0,0,1,1,0,0,1,1,0,1,0
1057,"0",0,1,1,1,0,0,1,0,1,1,0,0,1,1,0,0,1,0,1
1058,"0",1,0,1,0,1,1,0,1,0,0,1,1,0,0,1,1,0,1,0
1059,"1",1,0,1,0,1,1,0,1,0,0,1,1,0,0,1,1,0,1,0
1060,"0",0,1,1,1,0,0,1,0,1,1,0,0,1,1,0,0,1,0,1
1061,"0",1,0,1,0,1,1,0,1,0,0,1,1,0,0,1,1,0,1,0
1062,"0",0,1,1,1,0,0,1,0,1,1,0,0,1,1,0,0,1,0,1
1063,"0",0,1,1,1,0,0,1,0,1,1,0,0,1,1,0,0,1,0,1
1064,"1",0,1,1,1,0,0,1,0,1,1,0,0,1,1,0,0,1,0,1
1065,"0",1,0,1,0,1,1,0,1,0,0,1,1,0,0,1,1,0,1,0
1066,"0",0,1,1,1,0,0,1,0,1,1,0,0,1,1,0,0,1,0,1
1067,"1",0,1,1,1,0,0,1,0,1,1,0,0,1,1,0,0,1,0,1
1068,"1",0,1,1,1,0,0,1,0,1,1,0,0,1,1,0,0,1,0,1
1069,"0",1,0,1,0,1,1,0,1,0,0,1,1,0,0,1,1,0,1,0
1070,"0",0,1,1,1,0,0,1,0,1,1,0,0,1,1,0,0,1,0,1
1071,"0",1,0,1,0,1,1,0,1,0,0,1,1,0,0,1,1,0,1,0
1072,"1",1,0,1,0,1,1,0,1,0,0,1,1,0,0,1,1,0,1,0
1073,"1",1,0,1,0,1,1,0,1,0,0,1,1,0,0,1,1,0,1,0
1074,"0",0,1,1,1,0,0,1,0,1,1,0,0,1,1,0,0,1,0,1
1075,"0",1,0,1,0,1,1,0,1,0,0,1,1,0,0,1,1,0,1,0
1076,"0",0,1,1,1,0,0,1,0,1,1,0,0,1,1,0,0,1,0,1
1077,"0",1,0,1,0,1,1,0,1,0,0,1,1,0,0,1,1,0,1,0
1078,"0",1,0,1,0,1,1,0,1,0,0,1,1,0,0,1,1,0,1,0
1079,"0",1,0,1,0,1,1,0,1,0,0,1,1,0,0,1,1,0,1,0
1080,"0",1,0,1,0,1,1,0,1,0,0,1,1,0,0,1,1,0,1,0
1081,"0",1,0,1,0,1,1,0,1,0,0,1,1,0,0,1,1,0,1,0
1082,"1",0,1,1,1,0,0,1,0,1,1,0,0,1,1,0,0,1,0,1
1083,"1",0,1,1,1,0,0,1,0,1,1,0,0,1,1,0,0,1,0,1
1084,"0",0,1,1,1,0,0,1,0,1,1,0,0,1,1,0,0,1,0,1
1085,"0",1,0,1,0,1,1,0,1,0,0,1,1,0,0,1,1,0,1,0
1086,"0",1,0,1,0,1,1,0,1,0,0,1,1,0,0,1,1,0,1,0
1087,"1",1,0,1,0,1,1,0,1,0,0,1,1,0,0,1,1,0,1,0
1088,"1",0,1,1,1,0,0,1,0,1,1,0,0,1,1,0,0,1,0,1
1089,"0",0,1,1,1,0,0,1,0,1,1,0,0,1,1,0,0,1,0,1
1090,"1",1,0,1,0,1,1,0,1,0,0,1,1,0,0,1,1,0,1,0
1091,"1",0,1,1,1,0,0,1,0,1,1,0,0,1,1,0,0,1,0,1
1092,"0",0,1,1,1,0,0,1,0,1,1,0,0,1,1,0,0,1,0,1
1093,"1",1,0,1,0,1,1,0,1,0,0,1,1,0,0,1,1,0,1,0
1094,"1",0,1,1,1,0,0,1,0,1,1,0,0,1,1,0,0,1,0,1
1095,"0",1,0,1,0,1,1,0,1,0,0,1,1,0,0,1,1,0,1,0
1096,"0",0,1,1,1,0,0,1,0,1,1,0,0,1,1,0,0,1,0,1
1097,"0",1,0,1,0,1,1,0,1,0,0,1,1,0,0,1,1,0,1,0
1098,"0",1,0,1,0,1,1,0,1,0,0,1,1,0,0,1,1,0,1,0
1099,"1",0,1,1,1,0,0,1,0,1,1,0,0,1,1,0,0,1,0,1
1100,"1",0,1,1,1,0,0,1,0,1,1,0,0,1,1,0,0,1,0,1
1101,"1",1,0,1,0,1,1,0,1,0,0,1,1,0,0,1,1,0,1,0
1102,"1",0,1,1,1,0,0,1,0,1,1,0,0,1,1,0,0,1,0,1
1103,"0",0,1,1,1,0,0,1,0,1,1,0,0,1,1,0,0,1,0,1
1104,"0",1,0,1,0,1,1,0,1,0,0,1,1,0,0,1,1,0,1,0
1105,"0",1,0,1,0,1,1,0,1,0,0,1,1,0,0,1,1,0,1,0
1106,"0",0,1,1,1,0,0,1,0,1,1,0,0,1,1,0,0,1,0,1
1107,"0",1,0,1,0,1,1,0,1,0,0,1,1,0,0,1,1,0,1,0
1108,"1",1,0,1,0,1,1,0,1,0,0,1,1,0,0,1,1,0,1,0
1109,"0",0,1,1,1,0,0,1,0,1,1,0,0,1,1,0,0,1,0,1
1110,"0",0,1,1,1,0,0,1,0,1,1,0,0,1,1,0,0,1,0,1
1111,"1",0,1,1,1,0,0,1,0,1,1,0,0,1,1,0,0,1,0,1
1112,"0",0,1,1,1,0,0,1,0,1,1,0,0,1,1,0,0,1,0,1
1113,"0",1,0,1,0,1,1,0,1,0,0,1,1,0,0,1,1,0,1,0
1114,"1",0,1,1,1,0,0,1,0,1,1,0,0,1,1,0,0,1,0,1
1115,"0",0,1,1,1,0,0,1,0,1,1,0,0,1,1,0,0,1,0,1
1116,"1",0,1,1,1,0,0,1,0,1,1,0,0,1,1,0,0,1,0,1
1117,"0",0,1,1,1,0,0,1,0,1,1,0,0,1,1,0,0,1,0,1
1118,"0",0,1,1,1,0,0,1,0,1,1,0,0,1,1,0,0,1,0,1
1119,"1",1,0,1,0,1,1,0,1,0,0,1,1,0,0,1,1,0,1,0
1120,"0",1,0,1,0,1,1,0,1,0,0,1,1,0,0,1,1,0,1,0
1121,"0",1,0,1,0,1,1,0,1,0,0,1,1,0,0,1,1,0,1,0
1122,"0",1,0,1,0,1,1,0,1,0,0,1,1,0,0,1,1,0,1,0
1123,"0",0,1,1,1,0,0,1,0,1,1,0,0,1,1,0,0,1,0,1
1124,"1",0,1,1,1,0,0,1,0,1,1,0,0,1,1,0,0,1,0,1
1125,"0",1,0,1,0,1,1,0,1,0,0,1,1,0,0,1,1,0,1,0
1126,"0",0,1,1,1,0,0,1,0,1,1,0,0,1,1,0,0,1,0,1
1127,"1",0,1,1,1,0,0,1,0,1,1,0,0,1,1,0,0,1,0,1
1128,"0",1,0,1,0,1,1,0,1,0,0,1,1,0,0,1,1,0,1,0
1129,"1",0,1,1,1,0,0,1,0,1,1,0,0,1,1,0,0,1,0,1
1130,"1",0,1,1,1,0,0,1,0,1,1,0,0,1,1,0,0,1,0,1
1131,"1",0,1,1,1,0,0,1,0,1,1,0,0,1,1,0,0,1,0,1
1132,"0",1,0,1,0,1,1,0,1,0,0,1,1,0,0,1,1,0,1,0
1133,"1",0,1,1,1,0,0,1,0,1,1,0,0,1,1,0,0,1,0,1
1134,"1",0,1,1,1,0,0,1,0,1,1,0,0,1,1,0,0,1,0,1
1135,"0",1,0,1,0,1,1,0,1,0,0,1,1,0,0,1,1,0,1,0
1136,"0",1,0,1,0,1,1,0,1,0,0,1,1,0,0,1,1,0,1,0
1137,"0",0,1,1,1,0,0,1,0,1,1,0,0,1,1,0,0,1,0,1
1138,"1",0,1,1,1,0,0,1,0,1,1,0,0,1,1,0,0,1,0,1
1139,"1",0,1,1,1,0,0,1,0,1,1,0,0,1,1,0,0,1,0,1
1140,"1",0,1,1,1,0,0,1,0,1,1,0,0,1,1,0,0,1,0,1
1141,"0",1,0,1,0,1,1,0,1,0,0,1,1,0,0,1,1,0,1,0
1142,"1",0,1,1,1,0,0,1,0,1,1,0,0,1,1,0,0,1,0,1
1143,"0",0,1,1,1,0,0,1,0,1,1,0,0,1,1,0,0,1,0,1
1144,"0",1,0,1,0,1,1,0,1,0,0,1,1,0,0,1,1,0,1,0
1145,"0",0,1,1,1,0,0,1,0,1,1,0,0,1,1,0,0,1,0,1
1146,"0",1,0,1,0,1,1,0,1,0,0,1,1,0,0,1,1,0,1,0
1147,"1",0,1,1,1,0,0,1,0,1,1,0,0,1,1,0,0,1,0,1
1148,"1",0,1,1,1,0,0,1,0,1,1,0,0,1,1,0,0,1,0,1
1149,"1",0,1,1,1,0,0,1,0,1,1,0,0,1,1,0,0,1,0,1
1150,"1",0,1,1,1,0,0,1,0,1,1,0,0,1,1,0,0,1,0,1
1151,"1",0,1,1,1,0,0,1,0,1,1,0,0,1,1,0,0,1,0,1
1152,"1",0,1,1,1,0,0,1,0,1,1,0,0,1,1,0,0,1,0,1
1153,"1",0,1,1,1,0,0,1,0,1,1,0,0,1,1,0,0,1,0,1
1154,"0",1,0,1,0,1,1,0,1,0,0,1,1,0,0,1,1,0,1,0
1155,"0",0,1,1,1,0,0,1,0,1,1,0,0,1,1,0,0,1,0,1
1156,"0",0,1,1,1,0,0,1,0,1,1,0,0,1,1,0,0,1,0,1
1157,"0",1,0,1,0,1,1,0,1,0,0,1,1,0,0,1,1,0,1,0
1158,"0",1,0,1,0,1,1,0,1,0,0,1,1,0,0,1,1,0,1,0
1159,"1",0,1,1,1,0,0,1,0,1,1,0,0,1,1,0,0,1,0,1
1160,"0",0,1,1,1,0,0,1,0,1,1,0,0,1,1,0,0,1,0,1
1161,"0",0,1,1,1,0,0,1,0,1,1,0,0,1,1,0,0,1,0,1
1162,"0",0,1,1,1,0,0,1,0,1,1,0,0,1,1,0,0,1,0,1
1163,"0",1,0,1,0,1,1,0,1,0,0,1,1,0,0,1,1,0,1,0
1164,"1",0,1,1,1,0,0,1,0,1,1,0,0,1,1,0,0,1,0,1
1165,"1",0,1,1,1,0,0,1,0,1,1,0,0,1,1,0,0,1,0,1
1166,"1",1,0,1,0,1,1,0,1,0,0,1,1,0,0,1,1,0,1,0
1167,"0",1,0,1,0,1,1,0,1,0,0,1,1,0,0,1,1,0,1,0
1168,"1",1,0,1,0,1,1,0,1,0,0,1,1,0,0,1,1,0,1,0
1169,"0",0,1,1,1,0,0,1,0,1,1,0,0,1,1,0,0,1,0,1
1170,"1",1,0,1,0,1,1,0,1,0,0,1,1,0,0,1,1,0,1,0
1171,"0",0,1,1,1,0,0,1,0,1,1,0,0,1,1,0,0,1,0,1
1172,"0",0,1,1,1,0,0,1,0,1,1,0,0,1,1,0,0,1,0,1
1173,"1",0,1,1,1,0,0,1,0,1,1,0,0,1,1,0,0,1,0,1
1174,"1",0,1,1,1,0,0,1,0,1,1,0,0,1,1,0,0,1,0,1
1175,"0",1,0,1,0,1,1,0,1,0,0,1,1,0,0,1,1,0,1,0
1176,"0",0,1,1,1,0,0,1,0,1,1,0,0,1,1,0,0,1,0,1
1177,"1",1,0,1,0,1,1,0,1,0,0,1,1,0,0,1,1,0,1,0
1178,"1",1,0,1,0,1,1,0,1,0,0,1,1,0,0,1,1,0,1,0
1179,"0",0,1,1,1,0,0,1,0,1,1,0,0,1,1,0,0,1,0,1
1180,"0",1,0,1,0,1,1,0,1,0,0,1,1,0,0,1,1,0,1,0
1181,"1",0,1,1,1,0,0,1,0,1,1,0,0,1,1,0,0,1,0,1
1182,"1",0,1,1,1,0,0,1,0,1,1,0,0,1,1,0,0,1,0,1
1183,"0",0,1,1,1,0,0,1,0,1,1,0,0,1,1,0,0,1,0,1
1184,"0",1,0,1,0,1,1,0,1,0,0,1,1,0,0,1,1,0,1,0
1185,"1",0,1,1,1,0,0,1,0,1,1,0,0,1,1,0,0,1,0,1
1186,"0",0,1,1,1,0,0,1,0,1,1,0,0,1,1,0,0,1,0,1
1187,"0",0,1,1,1,0,0,1,0,1,1,0,0,1,1,0,0,1,0,1
1188,"1",0,1,1,1,0,0,1,0,1,1,0,0,1,1,0,0,1,0,1
1189,"0",1,0,1,0,1,1,0,1,0,0,1,1,0,0,1,1,0,1,0
1190,"1",1,0,1,0,1,1,0,1,0,0,1,1,0,0,1,1,0,1,0
1191,"1",0,1,1,1,0,0,1,0,1,1,0,0,1,1,0,0,1,0,1
1192,"1",0,1,1,1,0,0,1,0,1,1,0,0,1,1,0,0,1,0,1
1193,"0",1,0,1,0,1,1,0,1,0,0,1,1,0,0,1,1,0,1,0
1194,"1",0,1,1,1,0,0,1,0,1,1,0,0,1,1,0,0,1,0,1
1195,"1",0,1,1,1,0,0,1,0,1,1,0,0,1,1,0,0,1,0,1
1196,"1",1,0,1,0,1,1,0,1,0,0,1,1,0,0,1,1,0,1,0
1197,"1",0,1,1,1,0,0,1,0,1,1,0,0,1,1,0,0,1,0,1
1198,"1",0,1,1,1,0,0,1,0,1,1,0,0,1,1,0,0,1,0,1
1199,"1",0,1,1,1,0,0,1,0,1,1,0,0,1,1,0,0,1,0,1
1200,"1",0,1,1,1,0,0,1,0,1,1,0,0,1,1,0,0,1,0,1
1201,"0",0,1,1,1,0,0,1,0,1,1,0,0,1,1,0,0,1,0,1
1202,"0",1,0,1,0,1,1,0,1,0,0,1,1,0,0,1,1,0,1,0
1203,"0",1,0,1,0,1,1,0,1,0,0,1,1,0,0,1,1,0,1,0
1204,"1",0,1,1,1,0,0,1,0,1,1,0,0,1,1,0,0,1,0,1
1205,"0",0,1,1,1,0,0,1,0,1,1,0,0,1,1,0,0,1,0,1
1206,"0",0,1,1,1,0,0,1,0,1,1,0,0,1,1,0,0,1,0,1
1207,"0",1,0,1,0,1,1,0,1,0,0,1,1,0,0,1,1,0,1,0
1208,"1",0,1,1,1,0,0,1,0,1,1,0,0,1,1,0,0,1,0,1
1209,"0",1,0,1,0,1,1,0,1,0,0,1,1,0,0,1,1,0,1,0
1210,"1",1,0,1,0,1,1,0,1,0,0,1,1,0,0,1,1,0,1,0
1211,"1",0,1,1,1,0,0,1,0,1,1,0,0,1,1,0,0,1,0,1
1212,"0",1,0,1,0,1,1,0,1,0,0,1,1,0,0,1,1,0,1,0
1213,"1",1,0,1,0,1,1,0,1,0,0,1,1,0,0,1,1,0,1,0
1214,"0",0,1,1,1,0,0,1,0,1,1,0,0,1,1,0,0,1,0,1
1215,"0",1,0,1,0,1,1,0,1,0,0,1,1,0,0,1,1,0,1,0
1216,"0",1,0,1,0,1,1,0,1,0,0,1,1,0,0,1,1,0,1,0
1217,"1",0,1,1,1,0,0,1,0,1,1,0,0,1,1,0,0,1,0,1
1218,"1",0,1,1,1,0,0,1,0,1,1,0,0,1,1,0,0,1,0,1
1219,"1",0,1,1,1,0,0,1,0,1,1,0,0,1,1,0,0,1,0,1
1220,"0",0,1,1,1,0,0,1,0,1,1,0,0,1,1,0,0,1,0,1
1221,"0",0,1,1,1,0,0,1,0,1,1,0,0,1,1,0,0,1,0,1
1222,"0",0,1,1,1,0,0,1,0,1,1,0,0,1,1,0,0,1,0,1
1223,"1",0,1,1,1,0,0,1,0,1,1,0,0,1,1,0,0,1,0,1
1224,"1",0,1,1,1,0,0,1,0,1,1,0,0,1,1,0,0,1,0,1
1225,"0",0,1,1,1,0,0,1,0,1,1,0,0,1,1,0,0,1,0,1
1226,"1",0,1,1,1,0,0,1,0,1,1,0,0,1,1,0,0,1,0,1
1227,"1",1,0,1,0,1,1,0,1,0,0,1,1,0,0,1,1,0,1,0
1228,"1",0,1,1,1,0,0,1,0,1,1,0,0,1,1,0,0,1,0,1
1229,"0",0,1,1,1,0,0,1,0,1,1,0,0,1,1,0,0,1,0,1
1230,"0",0,1,1,1,0,0,1,0,1,1,0,0,1,1,0,0,1,0,1
1231,"1",0,1,1,1,0,0,1,0,1,1,0,0,1,1,0,0,1,0,1
1232,"0",0,1,1,1,0,0,1,0,1,1,0,0,1,1,0,0,1,0,1
1233,"0",1,0,1,0,1,1,0,1,0,0,1,1,0,0,1,1,0,1,0
1234,"1",0,1,1,1,0,0,1,0,1,1,0,0,1,1,0,0,1,0,1
1235,"1",1,0,1,0,1,1,0,1,0,0,1,1,0,0,1,1,0,1,0
1236,"0",1,0,1,0,1,1,0,1,0,0,1,1,0,0,1,1,0,1,0
1237,"0",1,0,1,0,1,1,0,1,0,0,1,1,0,0,1,1,0,1,0
1238,"1",0,1,1,1,0,0,1,0,1,1,0,0,1,1,0,0,1,0,1
1239,"0",1,0,1,0,1,1,0,1,0,0,1,1,0,0,1,1,0,1,0
1240,"0",0,1,1,1,0,0,1,0,1,1,0,0,1,1,0,0,1,0,1
1241,"0",0,1,1,1,0,0,1,0,1,1,0,0,1,1,0,0,1,0,1
1242,"1",1,0,1,0,1,1,0,1,0,0,1,1,0,0,1,1,0,1,0
1243,"1",0,1,1,1,0,0,1,0,1,1,0,0,1,1,0,0,1,0,1
1244,"1",0,1,1,1,0,0,1,0,1,1,0,0,1,1,0,0,1,0,1
1245,"0",1,0,1,0,1,1,0,1,0,0,1,1,0,0,1,1,0,1,0
1246,"0",1,0,1,0,1,1,0,1,0,0,1,1,0,0,1,1,0,1,0
1247,"0",0,1,1,1,0,0,1,0,1,1,0,0,1,1,0,0,1,0,1
1248,"1",0,1,1,1,0,0,1,0,1,1,0,0,1,1,0,0,1,0,1
1249,"1",1,0,1,0,1,1,0,1,0,0,1,1,0,0,1,1,0,1,0
1250,"0",1,0,1,0,1,1,0,1,0,0,1,1,0,0,1,1,0,1,0
1251,"0",1,0,1,0,1,1,0,1,0,0,1,1,0,0,1,1,0,1,0
1252,"0",0,1,1,1,0,0,1,0,1,1,0,0,1,1,0,0,1,0,1
1253,"1",0,1,1,1,0,0,1,0,1,1,0,0,1,1,0,0,1,0,1
1254,"1",1,0,1,0,1,1,0,1,0,0,1,1,0,0,1,1,0,1,0
1255,"1",1,0,1,0,1,1,0,1,0,0,1,1,0,0,1,1,0,1,0
1256,"1",0,1,1,1,0,0,1,0,1,1,0,0,1,1,0,0,1,0,1
1257,"1",1,0,1,0,1,1,0,1,0,0,1,1,0,0,1,1,0,1,0
1258,"0",0,1,1,1,0,0,1,0,1,1,0,0,1,1,0,0,1,0,1
1259,"0",0,1,1,1,0,0,1,0,1,1,0,0,1,1,0,0,1,0,1
1260,"0",1,0,1,0,1,1,0,1,0,0,1,1,0,0,1,1,0,1,0
1261,"1",0,1,1,1,0,0,1,0,1,1,0,0,1,1,0,0,1,0,1
1262,"0",1,0,1,0,1,1,0,1,0,0,1,1,0,0,1,1,0,1,0
1263,"1",1,0,1,0,1,1,0,1,0,0,1,1,0,0,1,1,0,1,0
1264,"1",1,0,1,0,1,1,0,1,0,0,1,1,0,0,1,1,0,1,0
1265,"1",0,1,1,1,0,0,1,0,1,1,0,0,1,1,0,0,1,0,1
1266,"1",0,1,1,1,0,0,1,0,1,1,0,0,1,1,0,0,1,0,1
1267,"1",0,1,1,1,0,0,1,0,1,1,0,0,1,1,0,0,1,0,1
1268,"0",0,1,1,1,0,0,1,0,1,1,0,0,1,1,0,0,1,0,1
1269,"1",0,1,1,1,0,0,1,0,1,1,0,0,1,1,0,0,1,0,1
1270,"0",0,1,1,1,0,0,1,0,1,1,0,0,1,1,0,0,1,0,1
1271,"0",1,0,1,0,1,1,0,1,0,0,1,1,0,0,1,1,0,1,0
1272,"1",1,0,1,0,1,1,0,1,0,0,1,1,0,0,1,1,0,1,0
1273,"1",0,1,1,1,0,0,1,0,1,1,0,0,1,1,0,0,1,0,1
1274,"0",0,1,1,1,0,0,1,0,1,1,0,0,1,1,0,0,1,0,1
1275,"0",0,1,1,1,0,0,1,0,1,1,0,0,1,1,0,0,1,0,1
1276,"1",0,1,1,1,0,0,1,0,1,1,0,0,1,1,0,0,1,0,1
1277,"1",0,1,1,1,0,0,1,0,1,1,0,0,1,1,0,0,1,0,1
1278,"0",0,1,1,1,0,0,1,0,1,1,0,0,1,1,0,0,1,0,1
1279,"0",1,0,1,0,1,1,0,1,0,0,1,1,0,0,1,1,0,1,0
1280,"0",0,1,1,1,0,0,1,0,1,1,0,0,1,1,0,0,1,0,1
1281,"0",0,1,1,1,0,0,1,0,1,1,0,0,1,1,0,0,1,0,1
1282,"0",0,1,1,1,0,0,1,0,1,1,0,0,1,1,0,0,1,0,1
1283,"0",1,0,1,0,1,1,0,1,0,0,1,1,0,0,1,1,0,1,0
1284,"1",0,1,1,1,0,0,1,0,1,1,0,0,1,1,0,0,1,0,1
1285,"1",1,0,1,0,1,1,0,1,0,0,1,1,0,0,1,1,0,1,0
1286,"0",1,0,1,0,1,1,0,1,0,0,1,1,0,0,1,1,0,1,0
1287,"0",1,0,1,0,1,1,0,1,0,0,1,1,0,0,1,1,0,1,0
1288,"1",0,1,1,1,0,0,1,0,1,1,0,0,1,1,0,0,1,0,1
1289,"1",0,1,1,1,0,0,1,0,1,1,0,0,1,1,0,0,1,0,1
1290,"1",1,0,1,0,1,1,0,1,0,0,1,1,0,0,1,1,0,1,0
1291,"0",1,0,1,0,1,1,0,1,0,0,1,1,0,0,1,1,0,1,0
1292,"1",0,1,1,1,0,0,1,0,1,1,0,0,1,1,0,0,1,0,1
1293,"0",0,1,1,1,0,0,1,0,1,1,0,0,1,1,0,0,1,0,1
1294,"0",0,1,1,1,0,0,1,0,1,1,0,0,1,1,0,0,1,0,1
1295,"1",0,1,1,1,0,0,1,0,1,1,0,0,1,1,0,0,1,0,1
1296,"1",0,1,1,1,0,0,1,0,1,1,0,0,1,1,0,0,1,0,1
1297,"1",0,1,1,1,0,0,1,0,1,1,0,0,1,1,0,0,1,0,1
1298,"1",1,0,1,0,1,1,0,1,0,0,1,1,0,0,1,1,0,1,0
1299,"1",0,1,1,1,0,0,1,0,1,1,0,0,1,1,0,0,1,0,1
1300,"0",0,1,1,1,0,0,1,0,1,1,0,0,1,1,0,0,1,0,1
1301,"0",1,0,1,0,1,1,0,1,0,0,1,1,0,0,1,1,0,1,0
1302,"1",0,1,1,1,0,0,1,0,1,1,0,0,1,1,0,0,1,0,1
1303,"0",1,0,1,0,1,1,0,1,0,0,1,1,0,0,1,1,0,1,0
1304,"0",1,0,1,0,1,1,0,1,0,0,1,1,0,0,1,1,0,1,0
1305,"0",0,1,1,1,0,0,1,0,1,1,0,0,1,1,0,0,1,0,1
1306,"1",1,0,1,0,1,1,0,1,0,0,1,1,0,0,1,1,0,1,0
1307,"0",0,1,1,1,0,0,1,0,1,1,0,0,1,1,0,0,1,0,1
1308,"1",0,1,1,1,0,0,1,0,1,1,0,0,1,1,0,0,1,0,1
1309,"1",0,1,1,1,0,0,1,0,1,1,0,0,1,1,0,0,1,0,1
1310,"1",1,0,1,0,1,1,0,1,0,0,1,1,0,0,1,1,0,1,0
1311,"0",0,1,1,1,0,0,1,0,1,1,0,0,1,1,0,0,1,0,1
1312,"1",1,0,1,0,1,1,0,1,0,0,1,1,0,0,1,1,0,1,0
1313,"0",0,1,1,1,0,0,1,0,1,1,0,0,1,1,0,0,1,0,1
1314,"1",1,0,1,0,1,1,0,1,0,0,1,1,0,0,1,1,0,1,0
1315,"1",1,0,1,0,1,1,0,1,0,0,1,1,0,0,1,1,0,1,0
1316,"1",0,1,1,1,0,0,1,0,1,1,0,0,1,1,0,0,1,0,1
1317,"0",0,1,1,1,0,0,1,0,1,1,0,0,1,1,0,0,1,0,1
1318,"0",0,1,1,1,0,0,1,0,1,1,0,0,1,1,0,0,1,0,1
1319,"0",1,0,1,0,1,1,0,1,0,0,1,1,0,0,1,1,0,1,0
1320,"1",0,1,1,1,0,0,1,0,1,1,0,0,1,1,0,0,1,0,1
1321,"1",1,0,1,0,1,1,0,1,0,0,1,1,0,0,1,1,0,1,0
1322,"0",1,0,1,0,1,1,0,1,0,0,1,1,0,0,1,1,0,1,0
1323,"1",1,0,1,0,1,1,0,1,0,0,1,1,0,0,1,1,0,1,0
1324,"1",0,1,1,1,0,0,1,0,1,1,0,0,1,1,0,0,1,0,1
1325,"0",0,1,1,1,0,0,1,0,1,1,0,0,1,1,0,0,1,0,1
1326,"1",0,1,1,1,0,0,1,0,1,1,0,0,1,1,0,0,1,0,1
1327,"0",1,0,1,0,1,1,0,1,0,0,1,1,0,0,1,1,0,1,0
1328,"0",1,0,1,0,1,1,0,1,0,0,1,1,0,0,1,1,0,1,0
1329,"1",1,0,1,0,1,1,0,1,0,0,1,1,0,0,1,1,0,1,0
1330,"1",1,0,1,0,1,1,0,1,0,0,1,1,0,0,1,1,0,1,0
1331,"1",1,0,1,0,1,1,0,1,0,0,1,1,0,0,1,1,0,1,0
1332,"1",0,1,1,1,0,0,1,0,1,1,0,0,1,1,0,0,1,0,1
1333,"0",0,1,1,1,0,0,1,0,1,1,0,0,1,1,0,0,1,0,1
1334,"0",0,1,1,1,0,0,1,0,1,1,0,0,1,1,0,0,1,0,1
1335,"0",1,0,1,0,1,1,0,1,0,0,1,1,0,0,1,1,0,1,0
1336,"0",1,0,1,0,1,1,0,1,0,0,1,1,0,0,1,1,0,1,0
1337,"0",0,1,1,1,0,0,1,0,1,1,0,0,1,1,0,0,1,0,1
1338,"0",1,0,1,0,1,1,0,1,0,0,1,1,0,0,1,1,0,1,0
1339,"1",0,1,1,1,0,0,1,0,1,1,0,0,1,1,0,0,1,0,1
1340,"0",1,0,1,0,1,1,0,1,0,0,1,1,0,0,1,1,0,1,0
1341,"0",0,1,1,1,0,0,1,0,1,1,0,0,1,1,0,0,1,0,1
1342,"0",0,1,1,1,0,0,1,0,1,1,0,0,1,1,0,0,1,0,1
1343,"0",1,0,1,0,1,1,0,1,0,0,1,1,0,0,1,1,0,1,0
1344,"0",0,1,1,1,0,0,1,0,1,1,0,0,1,1,0,0,1,0,1
1345,"0",1,0,1,0,1,1,0,1,0,0,1,1,0,0,1,1,0,1,0
1346,"1",0,1,1,1,0,0,1,0,1,1,0,0,1,1,0,0,1,0,1
1347,"1",0,1,1,1,0,0,1,0,1,1,0,0,1,1,0,0,1,0,1
1348,"0",1,0,1,0,1,1,0,1,0,0,1,1,0,0,1,1,0,1,0
1349,"1",1,0,1,0,1,1,0,1,0,0,1,1,0,0,1,1,0,1,0
1350,"1",0,1,1,1,0,0,1,0,1,1,0,0,1,1,0,0,1,0,1
1351,"1",1,0,1,0,1,1,0,1,0,0,1,1,0,0,1,1,0,1,0
1352,"0",1,0,1,0,1,1,0,1,0,0,1,1,0,0,1,1,0,1,0
1353,"0",1,0,1,0,1,1,0,1,0,0,1,1,0,0,1,1,0,1,0
1354,"1",0,1,1,1,0,0,1,0,1,1,0,0,1,1,0,0,1,0,1
1355,"1",1,0,1,0,1,1,0,1,0,0,1,1,0,0,1,1,0,1,0
1356,"0",0,1,1,1,0,0,1,0,1,1,0,0,1,1,0,0,1,0,1
1357,"0",0,1,1,1,0,0,1,0,1,1,0,0,1,1,0,0,1,0,1
1358,"0",1,0,1,0,1,1,0,1,0,0,1,1,0,0,1,1,0,1,0
1359,"1",0,1,1,1,0,0,1,0,1,1,0,0,1,1,0,0,1,0,1
1360,"1",0,1,1,1,0,0,1,0,1,1,0,0,1,1,0,0,1,0,1
1361,"0",0,1,1,1,0,0,1,0,1,1,0,0,1,1,0,0,1,0,1
1362,"1",0,1,1,1,0,0,1,0,1,1,0,0,1,1,0,0,1,0,1
1363,"1",1,0,1,0,1,1,0,1,0,0,1,1,0,0,1,1,0,1,0
1364,"0",1,0,1,0,1,1,0,1,0,0,1,1,0,0,1,1,0,1,0
1365,"0",1,0,1,0,1,1,0,1,0,0,1,1,0,0,1,1,0,1,0
1366,"0",1,0,1,0,1,1,0,1,0,0,1,1,0,0,1,1,0,1,0
1367,"1",1,0,1,0,1,1,0,1,0,0,1,1,0,0,1,1,0,1,0
1368,"1",0,1,1,1,0,0,1,0,1,1,0,0,1,1,0,0,1,0,1
1369,"0",0,1,1,1,0,0,1,0,1,1,0,0,1,1,0,0,1,0,1
1370,"1",0,1,1,1,0,0,1,0,1,1,0,0,1,1,0,0,1,0,1
1371,"1",0,1,1,1,0,0,1,0,1,1,0,0,1,1,0,0,1,0,1
1372,"0",0,1,1,1,0,0,1,0,1,1,0,0,1,1,0,0,1,0,1
1373,"0",1,0,1,0,1,1,0,1,0,0,1,1,0,0,1,1,0,1,0
1374,"1",0,1,1,1,0,0,1,0,1,1,0,0,1,1,0,0,1,0,1
1375,"0",1,0,1,0,1,1,0,1,0,0,1,1,0,0,1,1,0,1,0
1376,"1",0,1,1,1,0,0,1,0,1,1,0,0,1,1,0,0,1,0,1
1377,"1",0,1,1,1,0,0,1,0,1,1,0,0,1,1,0,0,1,0,1
1378,"1",0,1,1,1,0,0,1,0,1,1,0,0,1,1,0,0,1,0,1
1379,"1",0,1,1,1,0,0,1,0,1,1,0,0,1,1,0,0,1,0,1
1380,"0",0,1,1,1,0,0,1,0,1,1,0,0,1,1,0,0,1,0,1
1381,"0",0,1,1,1,0,0,1,0,1,1,0,0,1,1,0,0,1,0,1
1382,"0",1,0,1,0,1,1,0,1,0,0,1,1,0,0,1,1,0,1,0
1383,"0",1,0,1,0,1,1,0,1,0,0,1,1,0,0,1,1,0,1,0
1384,"1",0,1,1,1,0,0,1,0,1,1,0,0,1,1,0,0,1,0,1
1385,"1",0,1,1,1,0,0,1,0,1,1,0,0,1,1,0,0,1,0,1
1386,"0",0,1,1,1,0,0,1,0,1,1,0,0,1,1,0,0,1,0,1
1387,"1",0,1,1,1,0,0,1,0,1,1,0,0,1,1,0,0,1,0,1
1388,"0",1,0,1,0,1,1,0,1,0,0,1,1,0,0,1,1,0,1,0
1389,"1",0,1,1,1,0,0,1,0,1,1,0,0,1,1,0,0,1,0,1
1390,"1",1,0,1,0,1,1,0,1,0,0,1,1,0,0,1,1,0,1,0
1391,"1",0,1,1,1,0,0,1,0,1,1,0,0,1,1,0,0,1,0,1
1392,"1",0,1,1,1,0,0,1,0,1,1,0,0,1,1,0,0,1,0,1
1393,"0",0,1,1,1,0,0,1,0,1,1,0,0,1,1,0,0,1,0,1
1394,"1",0,1,1,1,0,0,1,0,1,1,0,0,1,1,0,0,1,0,1
1395,"0",1,0,1,0,1,1,0,1,0,0,1,1,0,0,1,1,0,1,0
1396,"1",1,0,1,0,1,1,0,1,0,0,1,1,0,0,1,1,0,1,0
1397,"0",1,0,1,0,1,1,0,1,0,0,1,1,0,0,1,1,0,1,0
1398,"1",0,1,1,1,0,0,1,0,1,1,0,0,1,1,0,0,1,0,1
1399,"0",0,1,1,1,0,0,1,0,1,1,0,0,1,1,0,0,1,0,1
1400,"1",0,1,1,1,0,0,1,0,1,1,0,0,1,1,0,0,1,0,1
1401,"0",1,0,1,0,1,1,0,1,0,0,1,1,0,0,1,1,0,1,0
1402,"1",1,0,1,0,1,1,0,1,0,0,1,1,0,0,1,1,0,1,0
1403,"0",1,0,1,0,1,1,0,1,0,0,1,1,0,0,1,1,0,1,0
1404,"0",0,1,1,1,0,0,1,0,1,1,0,0,1,1,0,0,1,0,1
1405,"1",0,1,1,1,0,0,1,0,1,1,0,0,1,1,0,0,1,0,1
1406,"0",1,0,1,0,1,1,0,1,0,0,1,1,0,0,1,1,0,1,0
1407,"0",0,1,1,1,0,0,1,0,1,1,0,0,1,1,0,0,1,0,1
1408,"1",0,1,1,1,0,0,1,0,1,1,0,0,1,1,0,0,1,0,1
1409,"1",0,1,1,1,0,0,1,0,1,1,0,0,1,1,0,0,1,0,1
1410,"0",0,1,1,1,0,0,1,0,1,1,0,0,1,1,0,0,1,0,1
1411,"0",1,0,1,0,1,1,0,1,0,0,1,1,0,0,1,1,0,1,0
1412,"1",0,1,1,1,0,0,1,0,1,1,0,0,1,1,0,0,1,0,1
1413,"0",0,1,1,1,0,0,1,0,1,1,0,0,1,1,0,0,1,0,1
1414,"0",1,0,1,0,1,1,0,1,0,0,1,1,0,0,1,1,0,1,0
1415,"1",0,1,1,1,0,0,1,0,1,1,0,0,1,1,0,0,1,0,1
1416,"0",1,0,1,0,1,1,0,1,0,0,1,1,0,0,1,1,0,1,0
1417,"0",0,1,1,1,0,0,1,0,1,1,0,0,1,1,0,0,1,0,1
1418,"1",0,1,1,1,0,0,1,0,1,1,0,0,1,1,0,0,1,0,1
1419,"1",1,0,1,0,1,1,0,1,0,0,1,1,0,0,1,1,0,1,0
1420,"1",0,1,1,1,0,0,1,0,1,1,0,0,1,1,0,0,1,0,1
1421,"1",0,1,1,1,0,0,1,0,1,1,0,0,1,1,0,0,1,0,1
1422,"0",1,0,1,0,1,1,0,1,0,0,1,1,0,0,1,1,0,1,0
1423,"0",1,0,1,0,1,1,0,1,0,0,1,1,0,0,1,1,0,1,0
1424,"0",1,0,1,0,1,1,0,1,0,0,1,1,0,0,1,1,0,1,0
1425,"0",0,1,1,1,0,0,1,0,1,1,0,0,1,1,0,0,1,0,1
1426,"1",0,1,1,1,0,0,1,0,1,1,0,0,1,1,0,0,1,0,1
1427,"0",1,0,1,0,1,1,0,1,0,0,1,1,0,0,1,1,0,1,0
1428,"0",0,1,1,1,0,0,1,0,1,1,0,0,1,1,0,0,1,0,1
1429,"1",1,0,1,0,1,1,0,1,0,0,1,1,0,0,1,1,0,1,0
1430,"0",0,1,1,1,0,0,1,0,1,1,0,0,1,1,0,0,1,0,1
1431,"0",1,0,1,0,1,1,0,1,0,0,1,1,0,0,1,1,0,1,0
1432,"1",0,1,1,1,0,0,1,0,1,1,0,0,1,1,0,0,1,0,1
1433,"1",0,1,1,1,0,0,1,0,1,1,0,0,1,1,0,0,1,0,1
1434,"0",0,1,1,1,0,0,1,0,1,1,0,0,1,1,0,0,1,0,1
1435,"1",0,1,1,1,0,0,1,0,1,1,0,0,1,1,0,0,1,0,1
1436,"0",1,0,1,0,1,1,0,1,0,0,1,1,0,0,1,1,0,1,0
1437,"0",0,1,1,1,0,0,1,0,1,1,0,0,1,1,0,0,1,0,1
1438,"0",0,1,1,1,0,0,1,0,1,1,0,0,1,1,0,0,1,0,1
1439,"0",1,0,1,0,1,1,0,1,0,0,1,1,0,0,1,1,0,1,0
1440,"0",0,1,1,1,0,0,1,0,1,1,0,0,1,1,0,0,1,0,1
1441,"0",1,0,1,0,1,1,0,1,0,0,1,1,0,0,1,1,0,1,0
1442,"0",1,0,1,0,1,1,0,1,0,0,1,1,0,0,1,1,0,1,0
1443,"1",1,0,1,0,1,1,0,1,0,0,1,1,0,0,1,1,0,1,0
1444,"1",0,1,1,1,0,0,1,0,1,1,0,0,1,1,0,0,1,0,1
1445,"1",1,0,1,0,1,1,0,1,0,0,1,1,0,0,1,1,0,1,0
1446,"1",0,1,1,1,0,0,1,0,1,1,0,0,1,1,0,0,1,0,1
1447,"0",0,1,1,1,0,0,1,0,1,1,0,0,1,1,0,0,1,0,1
1448,"1",0,1,1,1,0,0,1,0,1,1,0,0,1,1,0,0,1,0,1
1449,"1",1,0,1,0,1,1,0,1,0,0,1,1,0,0,1,1,0,1,0
1450,"0",1,0,1,0,1,1,0,1,0,0,1,1,0,0,1,1,0,1,0
1451,"1",0,1,1,1,0,0,1,0,1,1,0,0,1,1,0,0,1,0,1
1452,"1",0,1,1,1,0,0,1,0,1,1,0,0,1,1,0,0,1,0,1
1453,"0",1,0,1,0,1,1,0,1,0,0,1,1,0,0,1,1,0,1,0
1454,"1",0,1,1,1,0,0,1,0,1,1,0,0,1,1,0,0,1,0,1
1455,"0",0,1,1,1,0,0,1,0,1,1,0,0,1,1,0,0,1,0,1
1456,"0",1,0,1,0,1,1,0,1,0,0,1,1,0,0,1,1,0,1,0
1457,"0",0,1,1,1,0,0,1,0,1,1,0,0,1,1,0,0,1,0,1
1458,"1",1,0,1,0,1,1,0,1,0,0,1,1,0,0,1,1,0,1,0
1459,"1",1,0,1,0,1,1,0,1,0,0,1,1,0,0,1,1,0,1,0
1460,"0",1,0,1,0,1,1,0,1,0,0,1,1,0,0,1,1,0,1,0
1461,"0",0,1,1,1,0,0,1,0,1,1,0,0,1,1,0,0,1,0,1
1462,"0",0,1,1,1,0,0,1,0,1,1,0,0,1,1,0,0,1,0,1
1463,"0",1,0,1,0,1,1,0,1,0,0,1,1,0,0,1,1,0,1,0
1464,"0",0,1,1,1,0,0,1,0,1,1,0,0,1,1,0,0,1,0,1
1465,"0",1,0,1,0,1,1,0,1,0,0,1,1,0,0,1,1,0,1,0
1466,"1",0,1,1,1,0,0,1,0,1,1,0,0,1,1,0,0,1,0,1
1467,"0",0,1,1,1,0,0,1,0,1,1,0,0,1,1,0,0,1,0,1
1468,"0",0,1,1,1,0,0,1,0,1,1,0,0,1,1,0,0,1,0,1
1469,"1",0,1,1,1,0,0,1,0,1,1,0,0,1,1,0,0,1,0,1
1470,"0",1,0,1,0,1,1,0,1,0,0,1,1,0,0,1,1,0,1,0
1471,"1",1,0,1,0,1,1,0,1,0,0,1,1,0,0,1,1,0,1,0
1472,"0",0,1,1,1,0,0,1,0,1,1,0,0,1,1,0,0,1,0,1
1473,"0",1,0,1,0,1,1,0,1,0,0,1,1,0,0,1,1,0,1,0
1474,"1",1,0,1,0,1,1,0,1,0,0,1,1,0,0,1,1,0,1,0
1475,"0",1,0,1,0,1,1,0,1,0,0,1,1,0,0,1,1,0,1,0
1476,"1",0,1,1,1,0,0,1,0,1,1,0,0,1,1,0,0,1,0,1
1477,"0",1,0,1,0,1,1,0,1,0,0,1,1,0,0,1,1,0,1,0
1478,"0",0,1,1,1,0,0,1,0,1,1,0,0,1,1,0,0,1,0,1
1479,"1",0,1,1,1,0,0,1,0,1,1,0,0,1,1,0,0,1,0,1
1480,"1",0,1,1,1,0,0,1,0,1,1,0,0,1,1,0,0,1,0,1
1481,"0",0,1,1,1,0,0,1,0,1,1,0,0,1,1,0,0,1,0,1
1482,"1",1,0,1,0,1,1,0,1,0,0,1,1,0,0,1,1,0,1,0
1483,"1",1,0,1,0,1,1,0,1,0,0,1,1,0,0,1,1,0,1,0
1484,"0",1,0,1,0,1,1,0,1,0,0,1,1,0,0,1,1,0,1,0
1485,"1",1,0,1,0,1,1,0,1,0,0,1,1,0,0,1,1,0,1,0
1486,"1",1,0,1,0,1,1,0,1,0,0,1,1,0,0,1,1,0,1,0
1487,"1",1,0,1,0,1,1,0,1,0,0,1,1,0,0,1,1,0,1,0
1488,"1",0,1,1,1,0,0,1,0,1,1,0,0,1,1,0,0,1,0,1
1489,"0",0,1,1,1,0,0,1,0,1,1,0,0,1,1,0,0,1,0,1
1490,"0",1,0,1,0,1,1,0,1,0,0,1,1,0,0,1,1,0,1,0
1491,"1",0,1,1,1,0,0,1,0,1,1,0,0,1,1,0,0,1,0,1
1492,"1",0,1,1,1,0,0,1,0,1,1,0,0,1,1,0,0,1,0,1
1493,"1",0,1,1,1,0,0,1,0,1,1,0,0,1,1,0,0,1,0,1
1494,"1",0,1,1,1,0,0,1,0,1,1,0,0,1,1,0,0,1,0,1
1495,"1",0,1,1,1,0,0,1,0,1,1,0,0,1,1,0,0,1,0,1
1496,"1",0,1,1,1,0,0,1,0,1,1,0,0,1,1,0,0,1,0,1
1497,"0",1,0,1,0,1,1,0,1,0,0,1,1,0,0,1,1,0,1,0
1498,"0",1,0,1,0,1,1,0,1,0,0,1,1,0,0,1,1,0,1,0
1499,"1",1,0,1,0,1,1,0,1,0,0,1,1,0,0,1,1,0,1,0
1500,"1",0,1,1,1,0,0,1,0,1,1,0,0,1,1,0,0,1,0,1
1501,"0",0,1,1,1,0,0,1,0,1,1,0,0,1,1,0,0,1,0,1
1502,"1",1,0,1,0,1,1,0,1,0,0,1,1,0,0,1,1,0,1,0
1503,"1",0,1,1,1,0,0,1,0,1,1,0,0,1,1,0,0,1,0,1
1504,"0",0,1,1,1,0,0,1,0,1,1,0,0,1,1,0,0,1,0,1
1505,"0",0,1,1,1,0,0,1,0,1,1,0,0,1,1,0,0,1,0,1
1506,"1",0,1,1,1,0,0,1,0,1,1,0,0,1,1,0,0,1,0,1
1507,"0",0,1,1,1,0,0,1,0,1,1,0,0,1,1,0,0,1,0,1
1508,"0",1,0,1,0,1,1,0,1,0,0,1,1,0,0,1,1,0,1,0
1509,"0",0,1,1,1,0,0,1,0,1,1,0,0,1,1,0,0,1,0,1
1510,"1",0,1,1,1,0,0,1,0,1,1,0,0,1,1,0,0,1,0,1
1511,"1",0,1,1,1,0,0,1,0,1,1,0,0,1,1,0,0,1,0,1
1512,"0",1,0,1,0,1,1,0,1,0,0,1,1,0,0,1,1,0,1,0
1513,"1",0,1,1,1,0,0,1,0,1,1,0,0,1,1,0,0,1,0,1
1514,"0",1,0,1,0,1,1,0,1,0,0,1,1,0,0,1,1,0,1,0
1515,"1",0,1,1,1,0,0,1,0,1,1,0,0,1,1,0,0,1,0,1
1516,"0",1,0,1,0,1,1,0,1,0,0,1,1,0,0,1,1,0,1,0
1517,"1",0,1,1,1,0,0,1,0,1,1,0,0,1,1,0,0,1,0,1
1518,"0",1,0,1,0,1,1,0,1,0,0,1,1,0,0,1,1,0,1,0
1519,"0",1,0,1,0,1,1,0,1,0,0,1,1,0,0,1,1,0,1,0
1520,"1",0,1,1,1,0,0,1,0,1,1,0,0,1,1,0,0,1,0,1
1521,"1",0,1,1,1,0,0,1,0,1,1,0,0,1,1,0,0,1,0,1
1522,"0",0,1,1,1,0,0,1,0,1,1,0,0,1,1,0,0,1,0,1
1523,"1",0,1,1,1,0,0,1,0,1,1,0,0,1,1,0,0,1,0,1
1524,"1",0,1,1,1,0,0,1,0,1,1,0,0,1,1,0,0,1,0,1
1525,"0",0,1,1,1,0,0,1,0,1,1,0,0,1,1,0,0,1,0,1
1526,"1",1,0,1,0,1,1,0,1,0,0,1,1,0,0,1,1,0,1,0
1527,"1",0,1,1,1,0,0,1,0,1,1,0,0,1,1,0,0,1,0,1
1528,"0",1,0,1,0,1,1,0,1,0,0,1,1,0,0,1,1,0,1,0
1529,"0",0,1,1,1,0,0,1,0,1,1,0,0,1,1,0,0,1,0,1
1530,"1",0,1,1,1,0,0,1,0,1,1,0,0,1,1,0,0,1,0,1
1531,"0",1,0,1,0,1,1,0,1,0,0,1,1,0,0,1,1,0,1,0
1532,"0",0,1,1,1,0,0,1,0,1,1,0,0,1,1,0,0,1,0,1
1533,"1",0,1,1,1,0,0,1,0,1,1,0,0,1,1,0,0,1,0,1
1534,"0",1,0,1,0,1,1,0,1,0,0,1,1,0,0,1,1,0,1,0
1535,"0",1,0,1,0,1,1,0,1,0,0,1,1,0,0,1,1,0,1,0
1536,"1",0,1,1,1,0,0,1,0,1,1,0,0,1,1,0,0,1,0,1
1537,"0",0,1,1,1,0,0,1,0,1,1,0,0,1,1,0,0,1,0,1
1538,"1",0,1,1,1,0,0,1,0,1,1,0,0,1,1,0,0,1,0,1
1539,"0",0,1,1,1,0,0,1,0,1,1,0,0,1,1,0,0,1,0,1
1540,"0",1,0,1,0,1,1,0,1,0,0,1,1,0,0,1,1,0,1,0
1541,"0",0,1,1,1,0,0,1,0,1,1,0,0,1,1,0,0,1,0,1
1542,"1",0,1,1,1,0,0,1,0,1,1,0,0,1,1,0,0,1,0,1
1543,"1",0,1,1,1,0,0,1,0,1,1,0,0,1,1,0,0,1,0,1
1544,"0",1,0,1,0,1,1,0,1,0,0,1,1,0,0,1,1,0,1,0
1545,"1",0,1,1,1,0,0,1,0,1,1,0,0,1,1,0,0,1,0,1
1546,"0",0,1,1,1,0,0,1,0,1,1,0,0,1,1,0,0,1,0,1
1547,"1",0,1,1,1,0,0,1,0,1,1,0,0,1,1,0,0,1,0,1
1548,"1",0,1,1,1,0,0,1,0,1,1,0,0,1,1,0,0,1,0,1
1549,"0",1,0,1,0,1,1,0,1,0,0,1,1,0,0,1,1,0,1,0
1550,"0",1,0,1,0,1,1,0,1,0,0,1,1,0,0,1,1,0,1,0
1551,"1",0,1,1,1,0,0,1,0,1,1,0,0,1,1,0,0,1,0,1
1552,"1",0,1,1,1,0,0,1,0,1,1,0,0,1,1,0,0,1,0,1
1553,"1",1,0,1,0,1,1,0,1,0,0,1,1,0,0,1,1,0,1,0
1554,"0",0,1,1,1,0,0,1,0,1,1,0,0,1,1,0,0,1,0,1
1555,"1",1,0,1,0,1,1,0,1,0,0,1,1,0,0,1,1,0,1,0
1556,"0",0,1,1,1,0,0,1,0,1,1,0,0,1,1,0,0,1,0,1
1557,"1",0,1,1,1,0,0,1,0,1,1,0,0,1,1,0,0,1,0,1
1558,"0",0,1,1,1,0,0,1,0,1,1,0,0,1,1,0,0,1,0,1
1559,"0",1,0,1,0,1,1,0,1,0,0,1,1,0,0,1,1,0,1,0
1560,"0",0,1,1,1,0,0,1,0,1,1,0,0,1,1,0,0,1,0,1
1561,"1",0,1,1,1,0,0,1,0,1,1,0,0,1,1,0,0,1,0,1
1562,"0",1,0,1,0,1,1,0,1,0,0,1,1,0,0,1,1,0,1,0
1563,"1",0,1,1,1,0,0,1,0,1,1,0,0,1,1,0,0,1,0,1
1564,"1",1,0,1,0,1,1,0,1,0,0,1,1,0,0,1,1,0,1,0
1565,"0",1,0,1,0,1,1,0,1,0,0,1,1,0,0,1,1,0,1,0
1566,"0",1,0,1,0,1,1,0,1,0,0,1,1,0,0,1,1,0,1,0
1567,"1",0,1,1,1,0,0,1,0,1,1,0,0,1,1,0,0,1,0,1
1568,"1",0,1,1,1,0,0,1,0,1,1,0,0,1,1,0,0,1,0,1
1569,"0",0,1,1,1,0,0,1,0,1,1,0,0,1,1,0,0,1,0,1
1570,"0",1,0,1,0,1,1,0,1,0,0,1,1,0,0,1,1,0,1,0
1571,"1",0,1,1,1,0,0,1,0,1,1,0,0,1,1,0,0,1,0,1
1572,"0",1,0,1,0,1,1,0,1,0,0,1,1,0,0,1,1,0,1,0
1573,"1",0,1,1,1,0,0,1,0,1,1,0,0,1,1,0,0,1,0,1
1574,"0",1,0,1,0,1,1,0,1,0,0,1,1,0,0,1,1,0,1,0
1575,"0",1,0,1,0,1,1,0,1,0,0,1,1,0,0,1,1,0,1,0
1576,"1",0,1,1,1,0,0,1,0,1,1,0,0,1,1,0,0,1,0,1
1577,"1",0,1,1,1,0,0,1,0,1,1,0,0,1,1,0,0,1,0,1
1578,"0",1,0,1,0,1,1,0,1,0,0,1,1,0,0,1,1,0,1,0
1579,"0",0,1,1,1,0,0,1,0,1,1,0,0,1,1,0,0,1,0,1
1580,"1",0,1,1,1,0,0,1,0,1,1,0,0,1,1,0,0,1,0,1
1581,"1",0,1,1,1,0,0,1,0,1,1,0,0,1,1,0,0,1,0,1
1582,"1",0,1,1,1,0,0,1,0,1,1,0,0,1,1,0,0,1,0,1
1583,"0",1,0,1,0,1,1,0,1,0,0,1,1,0,0,1,1,0,1,0
1584,"0",0,1,1,1,0,0,1,0,1,1,0,0,1,1,0,0,1,0,1
1585,"1",0,1,1,1,0,0,1,0,1,1,0,0,1,1,0,0,1,0,1
1586,"1",0,1,1,1,0,0,1,0,1,1,0,0,1,1,0,0,1,0,1
1587,"1",1,0,1,0,1,1,0,1,0,0,1,1,0,0,1,1,0,1,0
1588,"0",0,1,1,1,0,0,1,0,1,1,0,0,1,1,0,0,1,0,1
1589,"1",0,1,1,1,0,0,1,0,1,1,0,0,1,1,0,0,1,0,1
1590,"0",1,0,1,0,1,1,0,1,0,0,1,1,0,0,1,1,0,1,0
1591,"1",1,0,1,0,1,1,0,1,0,0,1,1,0,0,1,1,0,1,0
1592,"1",0,1,1,1,0,0,1,0,1,1,0,0,1,1,0,0,1,0,1
1593,"1",1,0,1,0,1,1,0,1,0,0,1,1,0,0,1,1,0,1,0
1594,"1",1,0,1,0,1,1,0,1,0,0,1,1,0,0,1,1,0,1,0
1595,"1",0,1,1,1,0,0,1,0,1,1,0,0,1,1,0,0,1,0,1
1596,"0",0,1,1,1,0,0,1,0,1,1,0,0,1,1,0,0,1,0,1
1597,"1",0,1,1,1,0,0,1,0,1,1,0,0,1,1,0,0,1,0,1
1598,"1",1,0,1,0,1,1,0,1,0,0,1,1,0,0,1,1,0,1,0
1599,"1",0,1,1,1,0,0,1,0,1,1,0,0,1,1,0,0,1,0,1
1600,"0",1,0,1,0,1,1,0,1,0,0,1,1,0,0,1,1,0,1,0
1601,"0",1,0,1,0,1,1,0,1,0,0,1,1,0,0,1,1,0,1,0
1602,"0",1,0,1,0,1,1,0,1,0,0,1,1,0,0,1,1,0,1,0
1603,"1",0,1,1,1,0,0,1,0,1,1,0,0,1,1,0,0,1,0,1
1604,"0",1,0,1,0,1,1,0,1,0,0,1,1,0,0,1,1,0,1,0
1605,"0",1,0,1,0,1,1,0,1,0,0,1,1,0,0,1,1,0,1,0
1606,"1",0,1,1,1,0,0,1,0,1,1,0,0,1,1,0,0,1,0,1
1607,"1",0,1,1,1,0,0,1,0,1,1,0,0,1,1,0,0,1,0,1
1608,"0",0,1,1,1,0,0,1,0,1,1,0,0,1,1,0,0,1,0,1
1609,"1",0,1,1,1,0,0,1,0,1,1,0,0,1,1,0,0,1,0,1
1610,"0",0,1,1,1,0,0,1,0,1,1,0,0,1,1,0,0,1,0,1
1611,"0",0,1,1,1,0,0,1,0,1,1,0,0,1,1,0,0,1,0,1
1612,"0",0,1,1,1,0,0,1,0,1,1,0,0,1,1,0,0,1,0,1
1613,"0",1,0,1,0,1,1,0,1,0,0,1,1,0,0,1,1,0,1,0
1614,"1",0,1,1,1,0,0,1,0,1,1,0,0,1,1,0,0,1,0,1
1615,"1",0,1,1,1,0,0,1,0,1,1,0,0,1,1,0,0,1,0,1
1616,"1",0,1,1,1,0,0,1,0,1,1,0,0,1,1,0,0,1,0,1
1617,"0",1,0,1,0,1,1,0,1,0,0,1,1,0,0,1,1,0,1,0
1618,"0",0,1,1,1,0,0,1,0,1,1,0,0,1,1,0,0,1,0,1
1619,"0",0,1,1,1,0,0,1,0,1,1,0,0,1,1,0,0,1,0,1
1620,"0",1,0,1,0,1,1,0,1,0,0,1,1,0,0,1,1,0,1,0
1621,"1",0,1,1,1,0,0,1,0,1,1,0,0,1,1,0,0,1,0,1
1622,"0",0,1,1,1,0,0,1,0,1,1,0,0,1,1,0,0,1,0,1
1623,"1",1,0,1,0,1,1,0,1,0,0,1,1,0,0,1,1,0,1,0
1624,"1",0,1,1,1,0,0,1,0,1,1,0,0,1,1,0,0,1,0,1
1625,"0",1,0,1,0,1,1,0,1,0,0,1,1,0,0,1,1,0,1,0
1626,"0",1,0,1,0,1,1,0,1,0,0,1,1,0,0,1,1,0,1,0
1627,"0",0,1,1,1,0,0,1,0,1,1,0,0,1,1,0,0,1,0,1
1628,"1",0,1,1,1,0,0,1,0,1,1,0,0,1,1,0,0,1,0,1
1629,"1",0,1,1,1,0,0,1,0,1,1,0,0,1,1,0,0,1,0,1
1630,"1",0,1,1,1,0,0,1,0,1,1,0,0,1,1,0,0,1,0,1
1631,"1",0,1,1,1,0,0,1,0,1,1,0,0,1,1,0,0,1,0,1
1632,"0",1,0,1,0,1,1,0,1,0,0,1,1,0,0,1,1,0,1,0
1633,"1",0,1,1,1,0,0,1,0,1,1,0,0,1,1,0,0,1,0,1
1634,"1",0,1,1,1,0,0,1,0,1,1,0,0,1,1,0,0,1,0,1
1635,"1",1,0,1,0,1,1,0,1,0,0,1,1,0,0,1,1,0,1,0
1636,"0",1,0,1,0,1,1,0,1,0,0,1,1,0,0,1,1,0,1,0
1637,"0",1,0,1,0,1,1,0,1,0,0,1,1,0,0,1,1,0,1,0
1638,"0",1,0,1,0,1,1,0,1,0,0,1,1,0,0,1,1,0,1,0
1639,"0",0,1,1,1,0,0,1,0,1,1,0,0,1,1,0,0,1,0,1
1640,"0",1,0,1,0,1,1,0,1,0,0,1,1,0,0,1,1,0,1,0
1641,"1",0,1,1,1,0,0,1,0,1,1,0,0,1,1,0,0,1,0,1
1642,"0",1,0,1,0,1,1,0,1,0,0,1,1,0,0,1,1,0,1,0
1643,"1",1,0,1,0,1,1,0,1,0,0,1,1,0,0,1,1,0,1,0
1644,"0",0,1,1,1,0,0,1,0,1,1,0,0,1,1,0,0,1,0,1
1645,"1",0,1,1,1,0,0,1,0,1,1,0,0,1,1,0,0,1,0,1
1646,"0",0,1,1,1,0,0,1,0,1,1,0,0,1,1,0,0,1,0,1
1647,"0",1,0,1,0,1,1,0,1,0,0,1,1,0,0,1,1,0,1,0
1648,"1",0,1,1,1,0,0,1,0,1,1,0,0,1,1,0,0,1,0,1
1649,"1",0,1,1,1,0,0,1,0,1,1,0,0,1,1,0,0,1,0,1
1650,"1",0,1,1,1,0,0,1,0,1,1,0,0,1,1,0,0,1,0,1
1651,"0",0,1,1,1,0,0,1,0,1,1,0,0,1,1,0,0,1,0,1
1652,"0",0,1,1,1,0,0,1,0,1,1,0,0,1,1,0,0,1,0,1
1653,"1",1,0,1,0,1,1,0,1,0,0,1,1,0,0,1,1,0,1,0
1654,"0",1,0,1,0,1,1,0,1,0,0,1,1,0,0,1,1,0,1,0
1655,"0",1,0,1,0,1,1,0,1,0,0,1,1,0,0,1,1,0,1,0
1656,"1",0,1,1,1,0,0,1,0,1,1,0,0,1,1,0,0,1,0,1
1657,"1",0,1,1,1,0,0,1,0,1,1,0,0,1,1,0,0,1,0,1
1658,"1",0,1,1,1,0,0,1,0,1,1,0,0,1,1,0,0,1,0,1
1659,"0",0,1,1,1,0,0,1,0,1,1,0,0,1,1,0,0,1,0,1
1660,"0",1,0,1,0,1,1,0,1,0,0,1,1,0,0,1,1,0,1,0
1661,"1",0,1,1,1,0,0,1,0,1,1,0,0,1,1,0,0,1,0,1
1662,"1",0,1,1,1,0,0,1,0,1,1,0,0,1,1,0,0,1,0,1
1663,"0",1,0,1,0,1,1,0,1,0,0,1,1,0,0,1,1,0,1,0
1664,"1",0,1,1,1,0,0,1,0,1,1,0,0,1,1,0,0,1,0,1
1665,"0",1,0,1,0,1,1,0,1,0,0,1,1,0,0,1,1,0,1,0
1666,"0",1,0,1,0,1,1,0,1,0,0,1,1,0,0,1,1,0,1,0
1667,"0",0,1,1,1,0,0,1,0,1,1,0,0,1,1,0,0,1,0,1
1668,"0",0,1,1,1,0,0,1,0,1,1,0,0,1,1,0,0,1,0,1
1669,"1",0,1,1,1,0,0,1,0,1,1,0,0,1,1,0,0,1,0,1
1670,"1",0,1,1,1,0,0,1,0,1,1,0,0,1,1,0,0,1,0,1
1671,"0",0,1,1,1,0,0,1,0,1,1,0,0,1,1,0,0,1,0,1
1672,"1",0,1,1,1,0,0,1,0,1,1,0,0,1,1,0,0,1,0,1
1673,"0",0,1,1,1,0,0,1,0,1,1,0,0,1,1,0,0,1,0,1
1674,"0",0,1,1,1,0,0,1,0,1,1,0,0,1,1,0,0,1,0,1
1675,"0",1,0,1,0,1,1,0,1,0,0,1,1,0,0,1,1,0,1,0
1676,"1",0,1,1,1,0,0,1,0,1,1,0,0,1,1,0,0,1,0,1
1677,"0",1,0,1,0,1,1,0,1,0,0,1,1,0,0,1,1,0,1,0
1678,"1",0,1,1,1,0,0,1,0,1,1,0,0,1,1,0,0,1,0,1
1679,"0",0,1,1,1,0,0,1,0,1,1,0,0,1,1,0,0,1,0,1
1680,"0",0,1,1,1,0,0,1,0,1,1,0,0,1,1,0,0,1,0,1
1681,"0",1,0,1,0,1,1,0,1,0,0,1,1,0,0,1,1,0,1,0
1682,"0",0,1,1,1,0,0,1,0,1,1,0,0,1,1,0,0,1,0,1
1683,"0",1,0,1,0,1,1,0,1,0,0,1,1,0,0,1,1,0,1,0
1684,"1",0,1,1,1,0,0,1,0,1,1,0,0,1,1,0,0,1,0,1
1685,"0",1,0,1,0,1,1,0,1,0,0,1,1,0,0,1,1,0,1,0
1686,"1",1,0,1,0,1,1,0,1,0,0,1,1,0,0,1,1,0,1,0
1687,"1",1,0,1,0,1,1,0,1,0,0,1,1,0,0,1,1,0,1,0
1688,"0",1,0,1,0,1,1,0,1,0,0,1,1,0,0,1,1,0,1,0
1689,"0",0,1,1,1,0,0,1,0,1,1,0,0,1,1,0,0,1,0,1
1690,"1",0,1,1,1,0,0,1,0,1,1,0,0,1,1,0,0,1,0,1
1691,"0",1,0,1,0,1,1,0,1,0,0,1,1,0,0,1,1,0,1,0
1692,"0",0,1,1,1,0,0,1,0,1,1,0,0,1,1,0,0,1,0,1
1693,"0",1,0,1,0,1,1,0,1,0,0,1,1,0,0,1,1,0,1,0
1694,"1",0,1,1,1,0,0,1,0,1,1,0,0,1,1,0,0,1,0,1
1695,"0",0,1,1,1,0,0,1,0,1,1,0,0,1,1,0,0,1,0,1
1696,"1",0,1,1,1,0,0,1,0,1,1,0,0,1,1,0,0,1,0,1
1697,"1",1,0,1,0,1,1,0,1,0,0,1,1,0,0,1,1,0,1,0
1698,"1",0,1,1,1,0,0,1,0,1,1,0,0,1,1,0,0,1,0,1
1699,"0",0,1,1,1,0,0,1,0,1,1,0,0,1,1,0,0,1,0,1
1700,"0",0,1,1,1,0,0,1,0,1,1,0,0,1,1,0,0,1,0,1
1701,"0",1,0,1,0,1,1,0,1,0,0,1,1,0,0,1,1,0,1,0
1702,"1",1,0,1,0,1,1,0,1,0,0,1,1,0,0,1,1,0,1,0
1703,"0",0,1,1,1,0,0,1,0,1,1,0,0,1,1,0,0,1,0,1
1704,"1",0,1,1,1,0,0,1,0,1,1,0,0,1,1,0,0,1,0,1
1705,"1",1,0,1,0,1,1,0,1,0,0,1,1,0,0,1,1,0,1,0
1706,"0",1,0,1,0,1,1,0,1,0,0,1,1,0,0,1,1,0,1,0
1707,"1",0,1,1,1,0,0,1,0,1,1,0,0,1,1,0,0,1,0,1
1708,"1",1,0,1,0,1,1,0,1,0,0,1,1,0,0,1,1,0,1,0
1709,"1",0,1,1,1,0,0,1,0,1,1,0,0,1,1,0,0,1,0,1
1710,"1",1,0,1,0,1,1,0,1,0,0,1,1,0,0,1,1,0,1,0
1711,"1",0,1,1,1,0,0,1,0,1,1,0,0,1,1,0,0,1,0,1
1712,"0",0,1,1,1,0,0,1,0,1,1,0,0,1,1,0,0,1,0,1
1713,"1",0,1,1,1,0,0,1,0,1,1,0,0,1,1,0,0,1,0,1
1714,"0",1,0,1,0,1,1,0,1,0,0,1,1,0,0,1,1,0,1,0
1715,"0",0,1,1,1,0,0,1,0,1,1,0,0,1,1,0,0,1,0,1
1716,"0",1,0,1,0,1,1,0,1,0,0,1,1,0,0,1,1,0,1,0
1717,"1",0,1,1,1,0,0,1,0,1,1,0,0,1,1,0,0,1,0,1
1718,"0",1,0,1,0,1,1,0,1,0,0,1,1,0,0,1,1,0,1,0
1719,"1",0,1,1,1,0,0,1,0,1,1,0,0,1,1,0,0,1,0,1
1720,"0",0,1,1,1,0,0,1,0,1,1,0,0,1,1,0,0,1,0,1
1721,"0",0,1,1,1,0,0,1,0,1,1,0,0,1,1,0,0,1,0,1
1722,"1",0,1,1,1,0,0,1,0,1,1,0,0,1,1,0,0,1,0,1
1723,"1",0,1,1,1,0,0,1,0,1,1,0,0,1,1,0,0,1,0,1
1724,"1",0,1,1,1,0,0,1,0,1,1,0,0,1,1,0,0,1,0,1
1725,"0",1,0,1,0,1,1,0,1,0,0,1,1,0,0,1,1,0,1,0
1726,"1",0,1,1,1,0,0,1,0,1,1,0,0,1,1,0,0,1,0,1
1727,"0",0,1,1,1,0,0,1,0,1,1,0,0,1,1,0,0,1,0,1
1728,"0",1,0,1,0,1,1,0,1,0,0,1,1,0,0,1,1,0,1,0
1729,"0",0,1,1,1,0,0,1,0,1,1,0,0,1,1,0,0,1,0,1
1730,"0",0,1,1,1,0,0,1,0,1,1,0,0,1,1,0,0,1,0,1
1731,"0",1,0,1,0,1,1,0,1,0,0,1,1,0,0,1,1,0,1,0
1732,"1",0,1,1,1,0,0,1,0,1,1,0,0,1,1,0,0,1,0,1
1733,"0",1,0,1,0,1,1,0,1,0,0,1,1,0,0,1,1,0,1,0
1734,"0",0,1,1,1,0,0,1,0,1,1,0,0,1,1,0,0,1,0,1
1735,"1",0,1,1,1,0,0,1,0,1,1,0,0,1,1,0,0,1,0,1
1736,"0",0,1,1,1,0,0,1,0,1,1,0,0,1,1,0,0,1,0,1
1737,"0",1,0,1,0,1,1,0,1,0,0,1,1,0,0,1,1,0,1,0
1738,"0",0,1,1,1,0,0,1,0,1,1,0,0,1,1,0,0,1,0,1
1739,"0",0,1,1,1,0,0,1,0,1,1,0,0,1,1,0,0,1,0,1
1740,"0",0,1,1,1,0,0,1,0,1,1,0,0,1,1,0,0,1,0,1
1741,"1",0,1,1,1,0,0,1,0,1,1,0,0,1,1,0,0,1,0,1
1742,"0",0,1,1,1,0,0,1,0,1,1,0,0,1,1,0,0,1,0,1
1743,"0",1,0,1,0,1,1,0,1,0,0,1,1,0,0,1,1,0,1,0
1744,"1",1,0,1,0,1,1,0,1,0,0,1,1,0,0,1,1,0,1,0
1745,"0",1,0,1,0,1,1,0,1,0,0,1,1,0,0,1,1,0,1,0
1746,"1",1,0,1,0,1,1,0,1,0,0,1,1,0,0,1,1,0,1,0
1747,"1",0,1,1,1,0,0,1,0,1,1,0,0,1,1,0,0,1,0,1
1748,"1",0,1,1,1,0,0,1,0,1,1,0,0,1,1,0,0,1,0,1
1749,"0",0,1,1,1,0,0,1,0,1,1,0,0,1,1,0,0,1,0,1
1750,"1",0,1,1,1,0,0,1,0,1,1,0,0,1,1,0,0,1,0,1
1751,"1",0,1,1,1,0,0,1,0,1,1,0,0,1,1,0,0,1,0,1
1752,"0",1,0,1,0,1,1,0,1,0,0,1,1,0,0,1,1,0,1,0
1753,"1",0,1,1,1,0,0,1,0,1,1,0,0,1,1,0,0,1,0,1
1754,"0",0,1,1,1,0,0,1,0,1,1,0,0,1,1,0,0,1,0,1
1755,"1",0,1,1,1,0,0,1,0,1,1,0,0,1,1,0,0,1,0,1
1756,"1",0,1,1,1,0,0,1,0,1,1,0,0,1,1,0,0,1,0,1
1757,"0",1,0,1,0,1,1,0,1,0,0,1,1,0,0,1,1,0,1,0
1758,"1",0,1,1,1,0,0,1,0,1,1,0,0,1,1,0,0,1,0,1
1759,"0",0,1,1,1,0,0,1,0,1,1,0,0,1,1,0,0,1,0,1
1760,"0",1,0,1,0,1,1,0,1,0,0,1,1,0,0,1,1,0,1,0
1761,"0",1,0,1,0,1,1,0,1,0,0,1,1,0,0,1,1,0,1,0
1762,"0",1,0,1,0,1,1,0,1,0,0,1,1,0,0,1,1,0,1,0
1763,"0",0,1,1,1,0,0,1,0,1,1,0,0,1,1,0,0,1,0,1
1764,"0",1,0,1,0,1,1,0,1,0,0,1,1,0,0,1,1,0,1,0
1765,"0",0,1,1,1,0,0,1,0,1,1,0,0,1,1,0,0,1,0,1
1766,"0",0,1,1,1,0,0,1,0,1,1,0,0,1,1,0,0,1,0,1
1767,"0",1,0,1,0,1,1,0,1,0,0,1,1,0,0,1,1,0,1,0
1768,"0",0,1,1,1,0,0,1,0,1,1,0,0,1,1,0,0,1,0,1
1769,"1",0,1,1,1,0,0,1,0,1,1,0,0,1,1,0,0,1,0,1
1770,"0",0,1,1,1,0,0,1,0,1,1,0,0,1,1,0,0,1,0,1
1771,"0",1,0,1,0,1,1,0,1,0,0,1,1,0,0,1,1,0,1,0
1772,"1",0,1,1,1,0,0,1,0,1,1,0,0,1,1,0,0,1,0,1
1773,"0",1,0,1,0,1,1,0,1,0,0,1,1,0,0,1,1,0,1,0
1774,"1",1,0,1,0,1,1,0,1,0,0,1,1,0,0,1,1,0,1,0
1775,"0",1,0,1,0,1,1,0,1,0,0,1,1,0,0,1,1,0,1,0
1776,"1",0,1,1,1,0,0,1,0,1,1,0,0,1,1,0,0,1,0,1
1777,"1",1,0,1,0,1,1,0,1,0,0,1,1,0,0,1,1,0,1,0
1778,"1",0,1,1,1,0,0,1,0,1,1,0,0,1,1,0,0,1,0,1
1779,"1",0,1,1,1,0,0,1,0,1,1,0,0,1,1,0,0,1,0,1
1780,"1",1,0,1,0,1,1,0,1,0,0,1,1,0,0,1,1,0,1,0
1781,"0",0,1,1,1,0,0,1,0,1,1,0,0,1,1,0,0,1,0,1
1782,"0",1,0,1,0,1,1,0,1,0,0,1,1,0,0,1,1,0,1,0
1783,"0",1,0,1,0,1,1,0,1,0,0,1,1,0,0,1,1,0,1,0
1784,"1",1,0,1,0,1,1,0,1,0,0,1,1,0,0,1,1,0,1,0
1785,"0",0,1,1,1,0,0,1,0,1,1,0,0,1,1,0,0,1,0,1
1786,"0",0,1,1,1,0,0,1,0,1,1,0,0,1,1,0,0,1,0,1
1787,"0",0,1,1,1,0,0,1,0,1,1,0,0,1,1,0,0,1,0,1
1788,"1",1,0,1,0,1,1,0,1,0,0,1,1,0,0,1,1,0,1,0
1789,"1",0,1,1,1,0,0,1,0,1,1,0,0,1,1,0,0,1,0,1
1790,"0",1,0,1,0,1,1,0,1,0,0,1,1,0,0,1,1,0,1,0
1791,"0",0,1,1,1,0,0,1,0,1,1,0,0,1,1,0,0,1,0,1
1792,"1",0,1,1,1,0,0,1,0,1,1,0,0,1,1,0,0,1,0,1
1793,"1",0,1,1,1,0,0,1,0,1,1,0,0,1,1,0,0,1,0,1
1794,"0",0,1,1,1,0,0,1,0,1,1,0,0,1,1,0,0,1,0,1
1795,"1",0,1,1,1,0,0,1,0,1,1,0,0,1,1,0,0,1,0,1
1796,"0",0,1,1,1,0,0,1,0,1,1,0,0,1,1,0,0,1,0,1
1797,"0",0,1,1,1,0,0,1,0,1,1,0,0,1,1,0,0,1,0,1
1798,"0",0,1,1,1,0,0,1,0,1,1,0,0,1,1,0,0,1,0,1
1799,"0",1,0,1,0,1,1,0,1,0,0,1,1,0,0,1,1,0,1,0
1800,"1",0,1,1,1,0,0,1,0,1,1,0,0,1,1,0,0,1,0,1
1801,"0",0,1,1,1,0,0,1,0,1,1,0,0,1,1,0,0,1,0,1
1802,"1",0,1,1,1,0,0,1,0,1,1,0,0,1,1,0,0,1,0,1
1803,"1",1,0,1,0,1,1,0,1,0,0,1,1,0,0,1,1,0,1,0
1804,"1",0,1,1,1,0,0,1,0,1,1,0,0,1,1,0,0,1,0,1
1805,"1",0,1,1,1,0,0,1,0,1,1,0,0,1,1,0,0,1,0,1
1806,"1",0,1,1,1,0,0,1,0,1,1,0,0,1,1,0,0,1,0,1
1807,"1",1,0,1,0,1,1,0,1,0,0,1,1,0,0,1,1,0,1,0
1808,"0",1,0,1,0,1,1,0,1,0,0,1,1,0,0,1,1,0,1,0
1809,"1",0,1,1,1,0,0,1,0,1,1,0,0,1,1,0,0,1,0,1
1810,"1",1,0,1,0,1,1,0,1,0,0,1,1,0,0,1,1,0,1,0
1811,"1",1,0,1,0,1,1,0,1,0,0,1,1,0,0,1,1,0,1,0
1812,"1",0,1,1,1,0,0,1,0,1,1,0,0,1,1,0,0,1,0,1
1813,"0",0,1,1,1,0,0,1,0,1,1,0,0,1,1,0,0,1,0,1
1814,"0",0,1,1,1,0,0,1,0,1,1,0,0,1,1,0,0,1,0,1
1815,"0",0,1,1,1,0,0,1,0,1,1,0,0,1,1,0,0,1,0,1
1816,"1",0,1,1,1,0,0,1,0,1,1,0,0,1,1,0,0,1,0,1
1817,"1",0,1,1,1,0,0,1,0,1,1,0,0,1,1,0,0,1,0,1
1818,"0",1,0,1,0,1,1,0,1,0,0,1,1,0,0,1,1,0,1,0
1819,"1",1,0,1,0,1,1,0,1,0,0,1,1,0,0,1,1,0,1,0
1820,"0",0,1,1,1,0,0,1,0,1,1,0,0,1,1,0,0,1,0,1
1821,"1",0,1,1,1,0,0,1,0,1,1,0,0,1,1,0,0,1,0,1
1822,"1",0,1,1,1,0,0,1,0,1,1,0,0,1,1,0,0,1,0,1
1823,"0",0,1,1,1,0,0,1,0,1,1,0,0,1,1,0,0,1,0,1
1824,"1",0,1,1,1,0,0,1,0,1,1,0,0,1,1,0,0,1,0,1
1825,"1",0,1,1,1,0,0,1,0,1,1,0,0,1,1,0,0,1,0,1
1826,"0",0,1,1,1,0,0,1,0,1,1,0,0,1,1,0,0,1,0,1
1827,"0",0,1,1,1,0,0,1,0,1,1,0,0,1,1,0,0,1,0,1
1828,"0",0,1,1,1,0,0,1,0,1,1,0,0,1,1,0,0,1,0,1
1829,"0",0,1,1,1,0,0,1,0,1,1,0,0,1,1,0,0,1,0,1
1830,"1",0,1,1,1,0,0,1,0,1,1,0,0,1,1,0,0,1,0,1
1831,"0",1,0,1,0,1,1,0,1,0,0,1,1,0,0,1,1,0,1,0
1832,"0",1,0,1,0,1,1,0,1,0,0,1,1,0,0,1,1,0,1,0
1833,"0",1,0,1,0,1,1,0,1,0,0,1,1,0,0,1,1,0,1,0
1834,"1",0,1,1,1,0,0,1,0,1,1,0,0,1,1,0,0,1,0,1
1835,"0",0,1,1,1,0,0,1,0,1,1,0,0,1,1,0,0,1,0,1
1836,"0",0,1,1,1,0,0,1,0,1,1,0,0,1,1,0,0,1,0,1
1837,"0",0,1,1,1,0,0,1,0,1,1,0,0,1,1,0,0,1,0,1
1838,"1",0,1,1,1,0,0,1,0,1,1,0,0,1,1,0,0,1,0,1
1839,"1",0,1,1,1,0,0,1,0,1,1,0,0,1,1,0,0,1,0,1
1840,"0",1,0,1,0,1,1,0,1,0,0,1,1,0,0,1,1,0,1,0
1841,"0",0,1,1,1,0,0,1,0,1,1,0,0,1,1,0,0,1,0,1
1842,"0",0,1,1,1,0,0,1,0,1,1,0,0,1,1,0,0,1,0,1
1843,"0",1,0,1,0,1,1,0,1,0,0,1,1,0,0,1,1,0,1,0
1844,"0",1,0,1,0,1,1,0,1,0,0,1,1,0,0,1,1,0,1,0
1845,"1",0,1,1,1,0,0,1,0,1,1,0,0,1,1,0,0,1,0,1
1846,"0",0,1,1,1,0,0,1,0,1,1,0,0,1,1,0,0,1,0,1
1847,"1",0,1,1,1,0,0,1,0,1,1,0,0,1,1,0,0,1,0,1
1848,"1",0,1,1,1,0,0,1,0,1,1,0,0,1,1,0,0,1,0,1
1849,"1",0,1,1,1,0,0,1,0,1,1,0,0,1,1,0,0,1,0,1
1850,"1",1,0,1,0,1,1,0,1,0,0,1,1,0,0,1,1,0,1,0
1851,"0",1,0,1,0,1,1,0,1,0,0,1,1,0,0,1,1,0,1,0
1852,"0",0,1,1,1,0,0,1,0,1,1,0,0,1,1,0,0,1,0,1
1853,"0",0,1,1,1,0,0,1,0,1,1,0,0,1,1,0,0,1,0,1
1854,"1",0,1,1,1,0,0,1,0,1,1,0,0,1,1,0,0,1,0,1
1855,"1",1,0,1,0,1,1,0,1,0,0,1,1,0,0,1,1,0,1,0
1856,"0",0,1,1,1,0,0,1,0,1,1,0,0,1,1,0,0,1,0,1
1857,"0",1,0,1,0,1,1,0,1,0,0,1,1,0,0,1,1,0,1,0
1858,"1",1,0,1,0,1,1,0,1,0,0,1,1,0,0,1,1,0,1,0
1859,"0",0,1,1,1,0,0,1,0,1,1,0,0,1,1,0,0,1,0,1
1860,"0",0,1,1,1,0,0,1,0,1,1,0,0,1,1,0,0,1,0,1
1861,"0",0,1,1,1,0,0,1,0,1,1,0,0,1,1,0,0,1,0,1
1862,"1",1,0,1,0,1,1,0,1,0,0,1,1,0,0,1,1,0,1,0
1863,"1",0,1,1,1,0,0,1,0,1,1,0,0,1,1,0,0,1,0,1
1864,"0",0,1,1,1,0,0,1,0,1,1,0,0,1,1,0,0,1,0,1
1865,"0",0,1,1,1,0,0,1,0,1,1,0,0,1,1,0,0,1,0,1
1866,"0",0,1,1,1,0,0,1,0,1,1,0,0,1,1,0,0,1,0,1
1867,"1",1,0,1,0,1,1,0,1,0,0,1,1,0,0,1,1,0,1,0
1868,"0",1,0,1,0,1,1,0,1,0,0,1,1,0,0,1,1,0,1,0
1869,"1",0,1,1,1,0,0,1,0,1,1,0,0,1,1,0,0,1,0,1
1870,"0",1,0,1,0,1,1,0,1,0,0,1,1,0,0,1,1,0,1,0
1871,"0",0,1,1,1,0,0,1,0,1,1,0,0,1,1,0,0,1,0,1
1872,"1",0,1,1,1,0,0,1,0,1,1,0,0,1,1,0,0,1,0,1
1873,"0",0,1,1,1,0,0,1,0,1,1,0,0,1,1,0,0,1,0,1
1874,"0",1,0,1,0,1,1,0,1,0,0,1,1,0,0,1,1,0,1,0
1875,"0",0,1,1,1,0,0,1,0,1,1,0,0,1,1,0,0,1,0,1
1876,"0",0,1,1,1,0,0,1,0,1,1,0,0,1,1,0,0,1,0,1
1877,"1",0,1,1,1,0,0,1,0,1,1,0,0,1,1,0,0,1,0,1
1878,"0",1,0,1,0,1,1,0,1,0,0,1,1,0,0,1,1,0,1,0
1879,"0",1,0,1,0,1,1,0,1,0,0,1,1,0,0,1,1,0,1,0
1880,"0",1,0,1,0,1,1,0,1,0,0,1,1,0,0,1,1,0,1,0
1881,"1",0,1,1,1,0,0,1,0,1,1,0,0,1,1,0,0,1,0,1
1882,"1",0,1,1,1,0,0,1,0,1,1,0,0,1,1,0,0,1,0,1
1883,"1",1,0,1,0,1,1,0,1,0,0,1,1,0,0,1,1,0,1,0
1884,"0",0,1,1,1,0,0,1,0,1,1,0,0,1,1,0,0,1,0,1
1885,"0",0,1,1,1,0,0,1,0,1,1,0,0,1,1,0,0,1,0,1
1886,"0",0,1,1,1,0,0,1,0,1,1,0,0,1,1,0,0,1,0,1
1887,"0",0,1,1,1,0,0,1,0,1,1,0,0,1,1,0,0,1,0,1
1888,"1",0,1,1,1,0,0,1,0,1,1,0,0,1,1,0,0,1,0,1
1889,"0",1,0,1,0,1,1,0,1,0,0,1,1,0,0,1,1,0,1,0
1890,"1",0,1,1,1,0,0,1,0,1,1,0,0,1,1,0,0,1,0,1
1891,"0",1,0,1,0,1,1,0,1,0,0,1,1,0,0,1,1,0,1,0
1892,"0",0,1,1,1,0,0,1,0,1,1,0,0,1,1,0,0,1,0,1
1893,"1",0,1,1,1,0,0,1,0,1,1,0,0,1,1,0,0,1,0,1
1894,"0",0,1,1,1,0,0,1,0,1,1,0,0,1,1,0,0,1,0,1
1895,"0",0,1,1,1,0,0,1,0,1,1,0,0,1,1,0,0,1,0,1
1896,"1",0,1,1,1,0,0,1,0,1,1,0,0,1,1,0,0,1,0,1
1897,"0",0,1,1,1,0,0,1,0,1,1,0,0,1,1,0,0,1,0,1
1898,"0",0,1,1,1,0,0,1,0,1,1,0,0,1,1,0,0,1,0,1
1899,"1",1,0,1,0,1,1,0,1,0,0,1,1,0,0,1,1,0,1,0
1900,"1",0,1,1,1,0,0,1,0,1,1,0,0,1,1,0,0,1,0,1
1901,"0",0,1,1,1,0,0,1,0,1,1,0,0,1,1,0,0,1,0,1
1902,"1",1,0,1,0,1,1,0,1,0,0,1,1,0,0,1,1,0,1,0
1903,"1",0,1,1,1,0,0,1,0,1,1,0,0,1,1,0,0,1,0,1
1904,"0",0,1,1,1,0,0,1,0,1,1,0,0,1,1,0,0,1,0,1
1905,"0",0,1,1,1,0,0,1,0,1,1,0,0,1,1,0,0,1,0,1
1906,"1",0,1,1,1,0,0,1,0,1,1,0,0,1,1,0,0,1,0,1
1907,"1",0,1,1,1,0,0,1,0,1,1,0,0,1,1,0,0,1,0,1
1908,"0",0,1,1,1,0,0,1,0,1,1,0,0,1,1,0,0,1,0,1
1909,"1",0,1,1,1,0,0,1,0,1,1,0,0,1,1,0,0,1,0,1
1910,"1",0,1,1,1,0,0,1,0,1,1,0,0,1,1,0,0,1,0,1
1911,"1",0,1,1,1,0,0,1,0,1,1,0,0,1,1,0,0,1,0,1
1912,"1",0,1,1,1,0,0,1,0,1,1,0,0,1,1,0,0,1,0,1
1913,"0",0,1,1,1,0,0,1,0,1,1,0,0,1,1,0,0,1,0,1
1914,"0",0,1,1,1,0,0,1,0,1,1,0,0,1,1,0,0,1,0,1
1915,"1",0,1,1,1,0,0,1,0,1,1,0,0,1,1,0,0,1,0,1
1916,"1",1,0,1,0,1,1,0,1,0,0,1,1,0,0,1,1,0,1,0
1917,"0",1,0,1,0,1,1,0,1,0,0,1,1,0,0,1,1,0,1,0
1918,"1",1,0,1,0,1,1,0,1,0,0,1,1,0,0,1,1,0,1,0
1919,"1",0,1,1,1,0,0,1,0,1,1,0,0,1,1,0,0,1,0,1
1920,"1",0,1,1,1,0,0,1,0,1,1,0,0,1,1,0,0,1,0,1
1921,"0",1,0,1,0,1,1,0,1,0,0,1,1,0,0,1,1,0,1,0
1922,"0",1,0,1,0,1,1,0,1,0,0,1,1,0,0,1,1,0,1,0
1923,"0",1,0,1,0,1,1,0,1,0,0,1,1,0,0,1,1,0,1,0
1924,"0",0,1,1,1,0,0,1,0,1,1,0,0,1,1,0,0,1,0,1
1925,"1",0,1,1,1,0,0,1,0,1,1,0,0,1,1,0,0,1,0,1
1926,"0",1,0,1,0,1,1,0,1,0,0,1,1,0,0,1,1,0,1,0
1927,"0",0,1,1,1,0,0,1,0,1,1,0,0,1,1,0,0,1,0,1
1928,"1",0,1,1,1,0,0,1,0,1,1,0,0,1,1,0,0,1,0,1
1929,"1",1,0,1,0,1,1,0,1,0,0,1,1,0,0,1,1,0,1,0
1930,"0",0,1,1,1,0,0,1,0,1,1,0,0,1,1,0,0,1,0,1
1931,"1",1,0,1,0,1,1,0,1,0,0,1,1,0,0,1,1,0,1,0
1932,"1",0,1,1,1,0,0,1,0,1,1,0,0,1,1,0,0,1,0,1
1933,"0",1,0,1,0,1,1,0,1,0,0,1,1,0,0,1,1,0,1,0
1934,"0",0,1,1,1,0,0,1,0,1,1,0,0,1,1,0,0,1,0,1
1935,"0",1,0,1,0,1,1,0,1,0,0,1,1,0,0,1,1,0,1,0
1936,"1",1,0,1,0,1,1,0,1,0,0,1,1,0,0,1,1,0,1,0
1937,"1",1,0,1,0,1,1,0,1,0,0,1,1,0,0,1,1,0,1,0
1938,"0",0,1,1,1,0,0,1,0,1,1,0,0,1,1,0,0,1,0,1
1939,"1",0,1,1,1,0,0,1,0,1,1,0,0,1,1,0,0,1,0,1
1940,"1",0,1,1,1,0,0,1,0,1,1,0,0,1,1,0,0,1,0,1
1941,"0",1,0,1,0,1,1,0,1,0,0,1,1,0,0,1,1,0,1,0
1942,"1",0,1,1,1,0,0,1,0,1,1,0,0,1,1,0,0,1,0,1
1943,"1",0,1,1,1,0,0,1,0,1,1,0,0,1,1,0,0,1,0,1
1944,"1",0,1,1,1,0,0,1,0,1,1,0,0,1,1,0,0,1,0,1
1945,"0",1,0,1,0,1,1,0,1,0,0,1,1,0,0,1,1,0,1,0
1946,"0",1,0,1,0,1,1,0,1,0,0,1,1,0,0,1,1,0,1,0
1947,"0",0,1,1,1,0,0,1,0,1,1,0,0,1,1,0,0,1,0,1
1948,"0",1,0,1,0,1,1,0,1,0,0,1,1,0,0,1,1,0,1,0
1949,"0",0,1,1,1,0,0,1,0,1,1,0,0,1,1,0,0,1,0,1
1950,"0",1,0,1,0,1,1,0,1,0,0,1,1,0,0,1,1,0,1,0
1951,"0",1,0,1,0,1,1,0,1,0,0,1,1,0,0,1,1,0,1,0
1952,"0",0,1,1,1,0,0,1,0,1,1,0,0,1,1,0,0,1,0,1
1953,"0",0,1,1,1,0,0,1,0,1,1,0,0,1,1,0,0,1,0,1
1954,"1",1,0,1,0,1,1,0,1,0,0,1,1,0,0,1,1,0,1,0
1955,"0",1,0,1,0,1,1,0,1,0,0,1,1,0,0,1,1,0,1,0
1956,"0",1,0,1,0,1,1,0,1,0,0,1,1,0,0,1,1,0,1,0
1957,"0",0,1,1,1,0,0,1,0,1,1,0,0,1,1,0,0,1,0,1
1958,"0",0,1,1,1,0,0,1,0,1,1,0,0,1,1,0,0,1,0,1
1959,"0",1,0,1,0,1,1,0,1,0,0,1,1,0,0,1,1,0,1,0
1960,"1",0,1,1,1,0,0,1,0,1,1,0,0,1,1,0,0,1,0,1
1961,"1",0,1,1,1,0,0,1,0,1,1,0,0,1,1,0,0,1,0,1
1962,"0",1,0,1,0,1,1,0,1,0,0,1,1,0,0,1,1,0,1,0
1963,"0",0,1,1,1,0,0,1,0,1,1,0,0,1,1,0,0,1,0,1
1964,"0",1,0,1,0,1,1,0,1,0,0,1,1,0,0,1,1,0,1,0
1965,"1",1,0,1,0,1,1,0,1,0,0,1,1,0,0,1,1,0,1,0
1966,"0",1,0,1,0,1,1,0,1,0,0,1,1,0,0,1,1,0,1,0
1967,"0",1,0,1,0,1,1,0,1,0,0,1,1,0,0,1,1,0,1,0
1968,"1",0,1,1,1,0,0,1,0,1,1,0,0,1,1,0,0,1,0,1
1969,"0",1,0,1,0,1,1,0,1,0,0,1,1,0,0,1,1,0,1,0
1970,"1",0,1,1,1,0,0,1,0,1,1,0,0,1,1,0,0,1,0,1
1971,"1",0,1,1,1,0,0,1,0,1,1,0,0,1,1,0,0,1,0,1
1972,"0",1,0,1,0,1,1,0,1,0,0,1,1,0,0,1,1,0,1,0
1973,"1",0,1,1,1,0,0,1,0,1,1,0,0,1,1,0,0,1,0,1
1974,"1",0,1,1,1,0,0,1,0,1,1,0,0,1,1,0,0,1,0,1
1975,"0",0,1,1,1,0,0,1,0,1,1,0,0,1,1,0,0,1,0,1
1976,"0",1,0,1,0,1,1,0,1,0,0,1,1,0,0,1,1,0,1,0
1977,"0",1,0,1,0,1,1,0,1,0,0,1,1,0,0,1,1,0,1,0
1978,"0",1,0,1,0,1,1,0,1,0,0,1,1,0,0,1,1,0,1,0
1979,"1",1,0,1,0,1,1,0,1,0,0,1,1,0,0,1,1,0,1,0
1980,"1",1,0,1,0,1,1,0,1,0,0,1,1,0,0,1,1,0,1,0
1981,"0",1,0,1,0,1,1,0,1,0,0,1,1,0,0,1,1,0,1,0
1982,"1",0,1,1,1,0,0,1,0,1,1,0,0,1,1,0,0,1,0,1
1983,"0",1,0,1,0,1,1,0,1,0,0,1,1,0,0,1,1,0,1,0
1984,"1",0,1,1,1,0,0,1,0,1,1,0,0,1,1,0,0,1,0,1
1985,"1",0,1,1,1,0,0,1,0,1,1,0,0,1,1,0,0,1,0,1
1986,"0",1,0,1,0,1,1,0,1,0,0,1,1,0,0,1,1,0,1,0
1987,"1",0,1,1,1,0,0,1,0,1,1,0,0,1,1,0,0,1,0,1
1988,"0",1,0,1,0,1,1,0,1,0,0,1,1,0,0,1,1,0,1,0
1989,"1",0,1,1,1,0,0,1,0,1,1,0,0,1,1,0,0,1,0,1
1990,"0",1,0,1,0,1,1,0,1,0,0,1,1,0,0,1,1,0,1,0
1991,"0",1,0,1,0,1,1,0,1,0,0,1,1,0,0,1,1,0,1,0
1992,"0",1,0,1,0,1,1,0,1,0,0,1,1,0,0,1,1,0,1,0
1993,"0",1,0,1,0,1,1,0,1,0,0,1,1,0,0,1,1,0,1,0
1994,"1",1,0,1,0,1,1,0,1,0,0,1,1,0,0,1,1,0,1,0
1995,"0",1,0,1,0,1,1,0,1,0,0,1,1,0,0,1,1,0,1,0
1996,"0",1,0,1,0,1,1,0,1,0,0,1,1,0,0,1,1,0,1,0
1997,"0",0,1,1,1,0,0,1,0,1,1,0,0,1,1,0,0,1,0,1
1998,"0",0,1,1,1,0,0,1,0,1,1,0,0,1,1,0,0,1,0,1
1999,"1",0,1,1,1,0,0,1,0,1,1,0,0,1,1,0,0,1,0,1
2000,"0",0,1,1,1,0,0,1,0,1,1,0,0,1,1,0,0,1,0,1
